-- --------------------------------------------------------
-- Host:                         127.0.0.1
-- Versión del servidor:         5.7.33 - MySQL Community Server (GPL)
-- SO del servidor:              Win64
-- HeidiSQL Versión:             11.2.0.6213
-- --------------------------------------------------------

/*!40101 SET @OLD_CHARACTER_SET_CLIENT=@@CHARACTER_SET_CLIENT */;
/*!40101 SET NAMES utf8 */;
/*!50503 SET NAMES utf8mb4 */;
/*!40014 SET @OLD_FOREIGN_KEY_CHECKS=@@FOREIGN_KEY_CHECKS, FOREIGN_KEY_CHECKS=0 */;
/*!40101 SET @OLD_SQL_MODE=@@SQL_MODE, SQL_MODE='NO_AUTO_VALUE_ON_ZERO' */;
/*!40111 SET @OLD_SQL_NOTES=@@SQL_NOTES, SQL_NOTES=0 */;

-- Volcando estructura para tabla db_mtto.tbl_ciudad
DROP TABLE IF EXISTS `tbl_ciudad`;
CREATE TABLE IF NOT EXISTS `tbl_ciudad` (
  `ciudad_id` int(11) NOT NULL AUTO_INCREMENT,
  `ciudad_nombre` varchar(255) DEFAULT NULL,
  PRIMARY KEY (`ciudad_id`)
) ENGINE=InnoDB AUTO_INCREMENT=6 DEFAULT CHARSET=utf8;

-- Volcando datos para la tabla db_mtto.tbl_ciudad: ~5 rows (aproximadamente)
/*!40000 ALTER TABLE `tbl_ciudad` DISABLE KEYS */;
INSERT INTO `tbl_ciudad` (`ciudad_id`, `ciudad_nombre`) VALUES
	(1, 'AREQUIPA'),
	(2, 'CUSCO'),
	(3, 'LIMA'),
	(4, 'PUNO'),
	(5, 'TACNA');
/*!40000 ALTER TABLE `tbl_ciudad` ENABLE KEYS */;

-- Volcando estructura para tabla db_mtto.tbl_falla
DROP TABLE IF EXISTS `tbl_falla`;
CREATE TABLE IF NOT EXISTS `tbl_falla` (
  `falla_id` int(11) NOT NULL AUTO_INCREMENT,
  `falla_kilometraje` double NOT NULL,
  `falla_fecha_registro` datetime DEFAULT NULL,
  `falla_fecha_recepcion` datetime DEFAULT NULL,
  `tbl_personal_personal_id` int(11) NOT NULL,
  `tbl_operador_operador_id` int(11) NOT NULL,
  `tbl_vehiculo_vehiculo_id` int(11) NOT NULL,
  PRIMARY KEY (`falla_id`),
  KEY `fk_tbl_falla_tbl_personal` (`tbl_personal_personal_id`),
  KEY `fk_tbl_falla_tbl_operador1` (`tbl_operador_operador_id`),
  KEY `fk_tbl_falla_tbl_vehiculo1` (`tbl_vehiculo_vehiculo_id`),
  CONSTRAINT `fk_tbl_falla_tbl_operador1` FOREIGN KEY (`tbl_operador_operador_id`) REFERENCES `tbl_operador` (`operador_id`) ON DELETE NO ACTION ON UPDATE NO ACTION,
  CONSTRAINT `fk_tbl_falla_tbl_personal` FOREIGN KEY (`tbl_personal_personal_id`) REFERENCES `tbl_personal` (`personal_id`) ON DELETE NO ACTION ON UPDATE NO ACTION,
  CONSTRAINT `fk_tbl_falla_tbl_vehiculo1` FOREIGN KEY (`tbl_vehiculo_vehiculo_id`) REFERENCES `tbl_vehiculo` (`vehiculo_id`) ON DELETE NO ACTION ON UPDATE NO ACTION
) ENGINE=InnoDB DEFAULT CHARSET=utf8;

-- Volcando datos para la tabla db_mtto.tbl_falla: ~0 rows (aproximadamente)
/*!40000 ALTER TABLE `tbl_falla` DISABLE KEYS */;
/*!40000 ALTER TABLE `tbl_falla` ENABLE KEYS */;

-- Volcando estructura para tabla db_mtto.tbl_falla_detalle
DROP TABLE IF EXISTS `tbl_falla_detalle`;
CREATE TABLE IF NOT EXISTS `tbl_falla_detalle` (
  `fd_id` int(11) NOT NULL AUTO_INCREMENT COMMENT 'falla detalle id',
  `fd_descripcion` mediumtext COMMENT 'falla detalle descripcion',
  `tbl_falla_falla_id` int(11) NOT NULL,
  `tbl_tipo_falla_componente_tfc_id` int(11) NOT NULL,
  PRIMARY KEY (`fd_id`),
  KEY `fk_tbl_falla_detalle_tbl_falla1` (`tbl_falla_falla_id`),
  KEY `fk_tbl_falla_detalle_tbl_tipo_falla_componente1` (`tbl_tipo_falla_componente_tfc_id`),
  CONSTRAINT `fk_tbl_falla_detalle_tbl_falla1` FOREIGN KEY (`tbl_falla_falla_id`) REFERENCES `tbl_falla` (`falla_id`) ON DELETE NO ACTION ON UPDATE NO ACTION,
  CONSTRAINT `fk_tbl_falla_detalle_tbl_tipo_falla_componente1` FOREIGN KEY (`tbl_tipo_falla_componente_tfc_id`) REFERENCES `tbl_tipo_falla_componente` (`tfc_id`) ON DELETE NO ACTION ON UPDATE NO ACTION
) ENGINE=InnoDB DEFAULT CHARSET=utf8;

-- Volcando datos para la tabla db_mtto.tbl_falla_detalle: ~0 rows (aproximadamente)
/*!40000 ALTER TABLE `tbl_falla_detalle` DISABLE KEYS */;
/*!40000 ALTER TABLE `tbl_falla_detalle` ENABLE KEYS */;

-- Volcando estructura para tabla db_mtto.tbl_operador
DROP TABLE IF EXISTS `tbl_operador`;
CREATE TABLE IF NOT EXISTS `tbl_operador` (
  `operador_id` int(11) NOT NULL AUTO_INCREMENT,
  `operador_nombre` varchar(255) DEFAULT NULL,
  PRIMARY KEY (`operador_id`)
) ENGINE=InnoDB DEFAULT CHARSET=utf8;

-- Volcando datos para la tabla db_mtto.tbl_operador: ~0 rows (aproximadamente)
/*!40000 ALTER TABLE `tbl_operador` DISABLE KEYS */;
/*!40000 ALTER TABLE `tbl_operador` ENABLE KEYS */;

-- Volcando estructura para tabla db_mtto.tbl_orden_trabajo
DROP TABLE IF EXISTS `tbl_orden_trabajo`;
CREATE TABLE IF NOT EXISTS `tbl_orden_trabajo` (
  `ot_id` int(11) NOT NULL COMMENT 'id',
  `ot_vehiculo_id` int(11) DEFAULT NULL COMMENT 'id del vehiculo',
  `ot_nro` varchar(255) DEFAULT NULL COMMENT 'nro de de orden de trabajo',
  `ot_estado` varchar(255) DEFAULT NULL COMMENT 'estado de orden de trabajo',
  `ot_rf` varchar(255) DEFAULT NULL,
  `ot_kilometraje` double DEFAULT NULL COMMENT 'kilometraje',
  `ot_ciudad_id` int(11) DEFAULT NULL COMMENT 'ciudad',
  `ot_tipo_ot_id` int(11) DEFAULT NULL COMMENT 'tipo de orden de trabajo id',
  `ot_tipo_mtto_id` int(11) DEFAULT NULL,
  `ot_fecha_registro` date DEFAULT NULL,
  `ot_actividad` varchar(255) DEFAULT NULL,
  `ot_detalle` varchar(255) DEFAULT NULL,
  `ot_codigo_sap` varchar(255) DEFAULT NULL,
  `ot_generado` varchar(255) DEFAULT NULL,
  `ot_tipo_tecnico` varchar(255) DEFAULT NULL,
  `ot_personal` varchar(255) DEFAULT NULL,
  `ot_hora_ini` varchar(255) DEFAULT NULL,
  `ot_hora_fin` varchar(255) DEFAULT NULL,
  `ot_observacion` varchar(255) DEFAULT NULL,
  PRIMARY KEY (`ot_id`),
  KEY `fk_ot_vehiculo_id` (`ot_vehiculo_id`) USING BTREE,
  KEY `fk_ot_ciudad_id` (`ot_ciudad_id`),
  KEY `fk_ot_tipo_ot_id` (`ot_tipo_ot_id`),
  KEY `fk_ot_tipo_mtto_id` (`ot_tipo_mtto_id`),
  CONSTRAINT `fk_ot_ciudad_id` FOREIGN KEY (`ot_ciudad_id`) REFERENCES `tbl_ciudad` (`ciudad_id`),
  CONSTRAINT `fk_ot_tipo_mtto_id` FOREIGN KEY (`ot_tipo_mtto_id`) REFERENCES `tbl_tipo_mtto` (`tipo_mtto_id`),
  CONSTRAINT `fk_ot_tipo_ot_id` FOREIGN KEY (`ot_tipo_ot_id`) REFERENCES `tbl_tipo_ot` (`tipo_ot_id`),
  CONSTRAINT `fk_ot_vehiculo_id` FOREIGN KEY (`ot_vehiculo_id`) REFERENCES `tbl_vehiculo` (`vehiculo_id`)
) ENGINE=InnoDB DEFAULT CHARSET=utf8;

-- Volcando datos para la tabla db_mtto.tbl_orden_trabajo: ~997 rows (aproximadamente)
/*!40000 ALTER TABLE `tbl_orden_trabajo` DISABLE KEYS */;
INSERT INTO `tbl_orden_trabajo` (`ot_id`, `ot_vehiculo_id`, `ot_nro`, `ot_estado`, `ot_rf`, `ot_kilometraje`, `ot_ciudad_id`, `ot_tipo_ot_id`, `ot_tipo_mtto_id`, `ot_fecha_registro`, `ot_actividad`, `ot_detalle`, `ot_codigo_sap`, `ot_generado`, `ot_tipo_tecnico`, `ot_personal`, `ot_hora_ini`, `ot_hora_fin`, `ot_observacion`) VALUES
	(1, 28, '4565', NULL, NULL, 35655, 1, 1, 1, '2021-01-02', 'CAMBIO DE ACEITE', NULL, '1000', NULL, 'MECANICO', 'JOSE', NULL, NULL, NULL),
	(2, 28, '4566', NULL, NULL, 36555, 2, 1, 1, '2021-01-03', 'IMPLEMENTACIÓN DE TACOS', NULL, '1001', NULL, 'ELECTRICO', 'RAUL', NULL, NULL, NULL),
	(3, 28, '4567', NULL, NULL, 37000, 3, 1, 2, '2021-01-04', 'REVISÓN FUGA DE COMBUSTIBLE', NULL, '1002', NULL, 'MECANICO', 'JOSE', NULL, NULL, NULL),
	(4, 28, '4568', NULL, NULL, 38000, 5, 1, 1, '2021-01-04', 'AUMENTO LIMPIAPARABRISAS', NULL, '1003', NULL, 'ELECTRICO', 'RAUL', NULL, NULL, NULL),
	(5, 28, '4569', NULL, NULL, 39000, 4, 1, 1, '2021-01-04', 'ENGRASE', NULL, '1004', NULL, 'MECANICO', 'JOSE', NULL, NULL, NULL),
	(6, 28, '4570', NULL, NULL, 40000, 1, 1, 1, '2021-01-04', 'CAMBIO HOJA MADRE DE MUELLE', NULL, '1005', NULL, 'ELECTRICO', 'RAUL', NULL, NULL, NULL),
	(7, 28, '4571', NULL, NULL, 41000, 2, 1, 1, '2021-01-04', 'REVISIÓN DE LUCES', NULL, '1006', NULL, 'MECANICO', 'JOSE', NULL, NULL, NULL),
	(8, 28, '4572', NULL, NULL, 42000, 3, 1, 1, '2021-01-04', 'REVISIÓN PRESIÓN NEUMÁTICOS', NULL, '1007', NULL, 'ELECTRICO', 'RAUL', NULL, NULL, NULL),
	(9, 28, '4573', NULL, NULL, 43000, 5, 1, 1, '2021-01-04', 'ENGRASE', NULL, '1008', NULL, 'MECANICO', 'JOSE', NULL, NULL, NULL),
	(10, 28, '4574', NULL, NULL, 44000, 4, 1, 1, '2021-01-04', 'REPARACIÓN DE TOLDERA', NULL, '1009', NULL, 'ELECTRICO', 'RAUL', NULL, NULL, NULL),
	(11, 28, '4575', NULL, NULL, 45000, 1, 2, 1, '2021-01-05', 'REPARACIÓN DE NEUMÁTICO EN RUTA', NULL, '1010', NULL, 'MECANICO', 'JOSE', NULL, NULL, NULL),
	(12, 28, '4576', NULL, NULL, 46000, 1, 1, 1, '2021-01-05', 'REVISIÓN DE CEDAZO', NULL, '1011', NULL, 'ELECTRICO', 'RAUL', NULL, NULL, NULL),
	(13, 28, '4577', NULL, NULL, 47000, 2, 1, 1, '2021-01-05', 'AUMENTO REFRIGERANTE', NULL, '1012', NULL, 'MECANICO', 'JOSE', NULL, NULL, NULL),
	(14, 28, '4578', NULL, NULL, 48000, 3, 1, 1, '2021-01-05', 'AUMENTO LIQUIDO LIMPIAPARABRISAS', NULL, '1013', NULL, 'ELECTRICO', 'RAUL', NULL, NULL, NULL),
	(15, 28, '4579', NULL, NULL, 49000, 5, 1, 1, '2021-01-05', 'CAMBIO DE ACEITE', NULL, '1014', NULL, 'MECANICO', 'JOSE', NULL, NULL, NULL),
	(16, 28, '4580', NULL, NULL, 50000, 4, 1, 1, '2021-01-05', 'ENGRASE', NULL, '1015', NULL, 'ELECTRICO', 'RAUL', NULL, NULL, NULL),
	(17, 28, '4581', NULL, NULL, 51000, 1, 1, 1, '2021-01-05', 'CAMBIO DE CEDAZO', NULL, '1016', NULL, 'MECANICO', 'JOSE', NULL, NULL, NULL),
	(18, 28, '4582', NULL, NULL, 52000, 2, 1, 1, '2021-01-05', 'REPARACIÓN DE NEUMÁTICO', NULL, '1017', NULL, 'ELECTRICO', 'RAUL', NULL, NULL, NULL),
	(19, 28, '4583', NULL, NULL, 53000, 3, 1, 1, '2021-01-05', 'ENGRACE TOTAL', NULL, '1018', NULL, 'MECANICO', 'JOSE', NULL, NULL, NULL),
	(20, 28, '4584', NULL, NULL, 54000, 5, 1, 1, '2021-01-05', 'CAMBIO ZAPATAS', NULL, '1019', NULL, 'ELECTRICO', 'RAUL', NULL, NULL, NULL),
	(21, 3, '4585', NULL, NULL, 55000, 4, 1, 1, '2021-01-05', 'CAMBIO GRASA DE BOCAMASAS', NULL, '1020', NULL, 'MECANICO', 'JOSE', NULL, NULL, NULL),
	(22, 3, '4586', NULL, NULL, 56000, 1, 1, 1, '2021-01-06', 'CAMBIO ACTUADOR DE SINCRONIZACIÓN', NULL, '1021', NULL, 'ELECTRICO', 'RAUL', NULL, NULL, NULL),
	(23, 3, '4587', NULL, NULL, 57000, 1, 1, 1, '2021-01-06', 'REPARACIÓN DE BARANDA', NULL, '1022', NULL, 'MECANICO', 'JOSE', NULL, NULL, NULL),
	(24, 3, '4588', NULL, NULL, 58000, 2, 1, 2, '2021-01-06', 'CAMBIO DE ACEITE', NULL, '1023', NULL, 'ELECTRICO', 'RAUL', NULL, NULL, NULL),
	(25, 3, '4589', NULL, NULL, 59000, 3, 1, 2, '2021-01-06', 'ENGRASE', NULL, '1024', NULL, 'MECANICO', 'JOSE', NULL, NULL, NULL),
	(26, 3, '4590', NULL, NULL, 60000, 5, 2, 2, '2021-01-06', 'REPARACIÓN DE NEUMÁTICO', NULL, '1025', NULL, 'ELECTRICO', 'RAUL', NULL, NULL, NULL),
	(27, 3, '4591', NULL, NULL, 61000, 4, 1, 2, '2021-01-06', 'ENGRASE', NULL, '1026', NULL, 'MECANICO', 'JOSE', NULL, NULL, NULL),
	(28, 3, '4592', NULL, NULL, 62000, 1, 1, 2, '2021-01-06', 'AUMENTO PRESIÓN DE AIRE DE NEUMÁTICOS', NULL, '1027', NULL, 'ELECTRICO', 'RAUL', NULL, NULL, NULL),
	(29, 3, '4593', NULL, NULL, 63000, 2, 1, 2, '2021-01-06', 'REVISIÓN DE UNIDAD', NULL, '1028', NULL, 'MECANICO', 'JOSE', NULL, NULL, NULL),
	(30, 3, '4594', NULL, NULL, 64000, 3, 1, 2, '2021-01-06', 'ENGRASE', NULL, '1029', NULL, 'ELECTRICO', 'RAUL', NULL, NULL, NULL),
	(31, 3, '4595', NULL, NULL, 65000, 5, 1, 2, '2021-01-06', 'CAMBIO ACCESORIOS PISTÒN SUPERMARCHA', NULL, '1030', NULL, 'MECANICO', 'JOSE', NULL, NULL, NULL),
	(32, 3, '4596', NULL, NULL, 66000, 4, 1, 2, '2021-01-06', 'CAMBIO ACEITE DE TRANSMISIÓN', NULL, '1031', NULL, 'ELECTRICO', 'RAUL', NULL, NULL, NULL),
	(33, 3, '4597', NULL, NULL, 67000, 1, 1, 2, '2021-01-06', 'ENGRASE', NULL, '1032', NULL, 'MECANICO', 'JOSE', NULL, NULL, NULL),
	(34, 3, '4598', NULL, NULL, 68000, 1, 1, 2, '2021-01-06', 'ROTACIÓN DE NEUMÁTICOS', NULL, '1033', NULL, 'ELECTRICO', 'RAUL', NULL, NULL, NULL),
	(35, 3, '4599', NULL, NULL, 69000, 2, 1, 2, '2021-01-06', 'CAMBIO FILTRO SECADOR DE AIRE', NULL, '1034', NULL, 'MECANICO', 'JOSE', NULL, NULL, NULL),
	(36, 3, '4600', NULL, NULL, 70000, 3, 1, 2, '2021-01-06', 'CAMBIO FILTRO DE AIRE', NULL, '1035', NULL, 'ELECTRICO', 'RAUL', NULL, NULL, NULL),
	(37, 3, '4601', NULL, NULL, 71000, 5, 1, 2, '2021-01-06', 'ENGRASE', NULL, '1036', NULL, 'MECANICO', 'JOSE', NULL, NULL, NULL),
	(38, 3, '4602', NULL, NULL, 72000, 4, 1, 2, '2021-01-07', 'CAMBIO DE ACEITE', NULL, '1037', NULL, 'ELECTRICO', 'RAUL', NULL, NULL, NULL),
	(39, 3, '4603', NULL, NULL, 73000, 1, 1, 2, '2021-01-07', 'ENGRASE', NULL, '1038', NULL, 'MECANICO', 'JOSE', NULL, NULL, NULL),
	(40, 3, '4604', NULL, NULL, 74000, 2, 1, 2, '2021-01-07', 'AUMENTO PRESIÓN DE AIRE DE NEUMÁTICOS', NULL, '1039', NULL, 'ELECTRICO', 'RAUL', NULL, NULL, NULL),
	(41, 3, '4605', NULL, NULL, 75000, 3, 1, 2, '2021-01-07', 'ROTACIÓN NEUMÁTICOS DE TRACCIÓN', NULL, '1040', NULL, 'MECANICO', 'JOSE', NULL, NULL, NULL),
	(42, 3, '4606', NULL, NULL, 76000, 5, 1, 2, '2021-01-07', 'REPARACIÓN TANQUE DE AIRE', NULL, '1041', NULL, 'ELECTRICO', 'RAUL', NULL, NULL, NULL),
	(43, 3, '4607', NULL, NULL, 77000, 4, 1, 2, '2021-01-07', 'CAMBIO DE AMORTIGUADORES DELANTEROS', NULL, '1042', NULL, 'MECANICO', 'JOSE', NULL, NULL, NULL),
	(44, 3, '4608', NULL, NULL, 78000, 1, 2, 2, '2021-01-07', 'REPARACIÓN BARRA ANTIEMPOTRAMIENTO LI', NULL, '1043', NULL, 'ELECTRICO', 'RAUL', NULL, NULL, NULL),
	(45, 3, '4609', NULL, NULL, 79000, 1, 2, 2, '2021-01-07', 'REPARACIÓN DE NEUMÁTICO EN RUTA', NULL, '1044', NULL, 'MECANICO', 'JOSE', NULL, NULL, NULL),
	(46, 3, '4610', NULL, NULL, 80000, 2, 1, 2, '2021-01-07', 'CAMBIO NEUMÁTICOS', NULL, '1045', NULL, 'ELECTRICO', 'RAUL', NULL, NULL, NULL),
	(47, 3, '4611', NULL, NULL, 81000, 3, 1, 2, '2021-01-07', 'CAMBIO SENSOR DE PRESIÓN DE ACEITE', NULL, '1046', NULL, 'MECANICO', 'JOSE', NULL, NULL, NULL),
	(48, 3, '4612', NULL, NULL, 82000, 5, 1, 2, '2021-01-07', 'CAMBIO BOMBA DE LIMPIAPARABRISAS', NULL, '1047', NULL, 'ELECTRICO', 'RAUL', NULL, NULL, NULL),
	(49, 3, '4613', NULL, NULL, 83000, 4, 1, 2, '2021-01-07', 'CAMBIO CORREA DE VENTILADOR', NULL, '1048', NULL, 'MECANICO', 'JOSE', NULL, NULL, NULL),
	(50, 3, '4614', NULL, NULL, 84000, 1, 1, 2, '2021-01-07', 'ENGRASE', NULL, '1049', NULL, 'ELECTRICO', 'RAUL', NULL, NULL, NULL),
	(51, 3, '4615', NULL, NULL, 85000, 2, 1, 2, '2021-01-07', 'ROTACIÓN DE NEUMÁTICOS', NULL, '1050', NULL, 'MECANICO', 'JOSE', NULL, NULL, NULL),
	(52, 3, '4616', NULL, NULL, 86000, 3, 1, 2, '2021-01-07', 'REGULACIÓN DE FRENOS', NULL, '1051', NULL, 'ELECTRICO', 'RAUL', NULL, NULL, NULL),
	(53, 3, '4617', NULL, NULL, 87000, 5, 1, 2, '2021-01-07', 'REPARACIÓN CAJA PORTAHERRAMIENTAS', NULL, '1052', NULL, 'MECANICO', 'JOSE', NULL, NULL, NULL),
	(54, 3, '4618', NULL, NULL, 88000, 4, 2, 2, '2021-01-07', 'REPARACIÓN DE NEUMÁTICO EN RUTA', NULL, '1053', NULL, 'ELECTRICO', 'RAUL', NULL, NULL, NULL),
	(55, 3, '4619', NULL, NULL, 89000, 1, 1, 2, '2021-01-07', 'INSTALACIÓN DE NEBLINEROS', NULL, '1054', NULL, 'MECANICO', 'JOSE', NULL, NULL, NULL),
	(56, 3, '4620', NULL, NULL, 90000, 1, 1, 2, '2021-01-07', 'REPARACIÓN DE NEUMÁTICO', NULL, '1055', NULL, 'ELECTRICO', 'RAUL', NULL, NULL, NULL),
	(57, 3, '4621', NULL, NULL, 91000, 2, 1, 2, '2021-01-08', 'CAMBIO DE ACEITE', NULL, '1056', NULL, 'MECANICO', 'JOSE', NULL, NULL, NULL),
	(58, 3, '4622', NULL, NULL, 92000, 3, 1, 2, '2021-01-08', 'ENGRASE', NULL, '1057', NULL, 'ELECTRICO', 'RAUL', NULL, NULL, NULL),
	(59, 3, '4623', NULL, NULL, 93000, 5, 1, 2, '2021-01-08', 'AUMENTO PRESIONES DE NEUMÁTICOS', NULL, '1058', NULL, 'MECANICO', 'JOSE', NULL, NULL, NULL),
	(60, 3, '4624', NULL, NULL, 94000, 4, 1, 2, '2021-01-08', 'ENGRASE', NULL, '1059', NULL, 'ELECTRICO', 'RAUL', NULL, NULL, NULL),
	(61, 3, '4625', NULL, NULL, 95000, 1, 1, 2, '2021-01-08', 'AUMENTO PRESIONES DE NEUMÁTICOS', NULL, '1060', NULL, 'MECANICO', 'JOSE', NULL, NULL, NULL),
	(62, 3, '4626', NULL, NULL, 96000, 2, 1, 2, '2021-01-08', 'CAMBIO FILTRO RACOR', NULL, '1061', NULL, 'ELECTRICO', 'RAUL', NULL, NULL, NULL),
	(63, 3, '4627', NULL, NULL, 97000, 3, 1, 2, '2021-01-08', 'REGULACIÓN DE EMBRAGUE', NULL, '1062', NULL, 'MECANICO', 'JOSE', NULL, NULL, NULL),
	(64, 3, '4628', NULL, NULL, 98000, 5, 1, 2, '2021-01-08', 'AUMENTO ACEITE DE MOTOR', NULL, '1063', NULL, 'ELECTRICO', 'RAUL', NULL, NULL, NULL),
	(65, 3, '4629', NULL, NULL, 99000, 4, 1, 2, '2021-01-08', 'CAMBIO CARTUCHO DE PULPO', NULL, '1064', NULL, 'MECANICO', 'JOSE', NULL, NULL, NULL),
	(66, 18, '4630', NULL, NULL, 100000, 1, 1, 2, '2021-01-08', 'REGULACIÓN DE FRENOS', NULL, '1065', NULL, 'ELECTRICO', 'RAUL', NULL, NULL, NULL),
	(67, 18, '4631', NULL, NULL, 101000, 1, 1, 2, '2021-01-08', 'AUMENTO DE UREA', NULL, '1066', NULL, 'MECANICO', 'JOSE', NULL, NULL, NULL),
	(68, 18, '4632', NULL, NULL, 102000, 2, 1, 2, '2021-01-08', 'AUMENTO LIMPIAPARABRISAS', NULL, '1067', NULL, 'ELECTRICO', 'RAUL', NULL, NULL, NULL),
	(69, 18, '4633', NULL, NULL, 103000, 3, 1, 2, '2021-01-09', 'REVISIÓN DE PARANTES DE BARANDAS', NULL, '1068', NULL, 'MECANICO', 'JOSE', NULL, NULL, NULL),
	(70, 18, '4634', NULL, NULL, 104000, 5, 1, 2, '2021-01-09', 'AUMENTO ACEITE DE MOTOR', NULL, '1069', NULL, 'ELECTRICO', 'RAUL', NULL, NULL, NULL),
	(71, 18, '4635', NULL, NULL, 105000, 4, 2, 2, '2021-01-09', 'CAMBIO DE NEUMÁTICO SOLIDO LD', NULL, '1070', NULL, 'MECANICO', 'JOSE', NULL, NULL, NULL),
	(72, 18, '4636', NULL, NULL, 106000, 1, 1, 2, '2021-01-09', 'REPARACIÓN DE PORTATACOS', NULL, '1071', NULL, 'ELECTRICO', 'RAUL', NULL, NULL, NULL),
	(73, 18, '4637', NULL, NULL, 107000, 2, 1, 2, '2021-01-09', 'REVISIÓN NEUMÁTICO DELANTERO LI', NULL, '1072', NULL, 'MECANICO', 'JOSE', NULL, NULL, NULL),
	(74, 18, '4638', NULL, NULL, 108000, 3, 1, 2, '2021-01-09', 'REVISÓN PIPA DE SILENCIADOR', NULL, '1073', NULL, 'ELECTRICO', 'RAUL', NULL, NULL, NULL),
	(75, 18, '4639', NULL, NULL, 109000, 5, 1, 2, '2021-01-09', 'CAMBIO DE ACEITE', NULL, '1074', NULL, 'MECANICO', 'JOSE', NULL, NULL, NULL),
	(76, 18, '4640', NULL, NULL, 110000, 4, 1, 2, '2021-01-09', 'ENGRASE', NULL, '1075', NULL, 'ELECTRICO', 'RAUL', NULL, NULL, NULL),
	(77, 18, '4641', NULL, NULL, 111000, 1, 1, 2, '2021-01-09', 'CAMBIO AMORTIGUADORES POSTERIORES', NULL, '1076', NULL, 'MECANICO', 'JOSE', NULL, NULL, NULL),
	(78, 18, '4642', NULL, NULL, 112000, 1, 1, 2, '2021-01-09', 'CAMBIO FILTRO DE AIRE', NULL, '1077', NULL, 'ELECTRICO', 'RAUL', NULL, NULL, NULL),
	(79, 18, '4643', NULL, NULL, 113000, 2, 1, 2, '2021-01-09', 'REVISIÓN DE CEDAZO', NULL, '1078', NULL, 'MECANICO', 'JOSE', NULL, NULL, NULL),
	(80, 18, '4644', NULL, NULL, 114000, 3, 1, 2, '2021-01-09', 'AUMENTO LIQUIDO LIMPIAPARABRISAS', NULL, '1079', NULL, 'ELECTRICO', 'RAUL', NULL, NULL, NULL),
	(81, 18, '4645', NULL, NULL, 115000, 3, 2, 2, '2021-01-09', 'COMPRA DE NIPLE DE AIRE', NULL, '1080', NULL, 'MECANICO', 'JOSE', NULL, NULL, NULL),
	(82, 18, '4646', NULL, NULL, 116000, 3, 1, 2, '2021-01-09', 'REGULACIÓN DE FRENOS', NULL, '1081', NULL, 'ELECTRICO', 'RAUL', NULL, NULL, NULL),
	(83, 18, '4647', NULL, NULL, 117000, 3, 1, 2, '2021-01-09', 'ENGRASE', NULL, '1082', NULL, 'MECANICO', 'JOSE', NULL, NULL, NULL),
	(84, 18, '4648', NULL, NULL, 118000, 3, 1, 2, '2021-01-09', 'REVISIÓN ALARMA DE RETRO', NULL, '1083', NULL, 'ELECTRICO', 'RAUL', NULL, NULL, NULL),
	(85, 18, '4649', NULL, NULL, 119000, 3, 2, 2, '2021-01-09', 'REVISIÓN ALARMA DE RETRO', NULL, '1084', NULL, 'MECANICO', 'JOSE', NULL, NULL, NULL),
	(86, 18, '4650', NULL, NULL, 120000, 3, 1, 2, '2021-01-12', 'CAMBIO DE ACEITE', NULL, '1085', NULL, 'ELECTRICO', 'RAUL', NULL, NULL, NULL),
	(87, 18, '4651', NULL, NULL, 121000, 3, 1, 2, '2021-01-12', 'ENGRASE', NULL, '1086', NULL, 'MECANICO', 'JOSE', NULL, NULL, NULL),
	(88, 18, '4652', NULL, NULL, 122000, 3, 2, 2, '2021-01-12', 'AUXILIO MECÁNICO CAMANÁ', NULL, '1087', NULL, 'ELECTRICO', 'RAUL', NULL, NULL, NULL),
	(89, 18, '4653', NULL, NULL, 123000, 3, 2, 2, '2021-01-12', 'CAMBIO TAPA CUBO RUEDA DELANTERO LI', NULL, '1088', NULL, 'MECANICO', 'JOSE', NULL, NULL, NULL),
	(90, 18, '4654', NULL, NULL, 124000, 3, 2, 2, '2021-01-12', 'CAMBIO NEUMÁTICO TRACCIÓN', NULL, '1089', NULL, 'ELECTRICO', 'RAUL', NULL, NULL, NULL),
	(91, 18, '4655', NULL, NULL, 125000, 3, 1, 2, '2021-01-12', 'ENGRASE', NULL, '1090', NULL, 'MECANICO', 'JOSE', NULL, NULL, NULL),
	(92, 18, '4656', NULL, NULL, 126000, 3, 2, 2, '2021-01-12', 'REVISION SISTEMA ELECTRICO', NULL, '1091', NULL, 'ELECTRICO', 'RAUL', NULL, NULL, NULL),
	(93, 18, '4657', NULL, NULL, 127000, 3, 1, 2, '2021-01-12', 'CAMBIO DE ACEITE', NULL, '1092', NULL, 'MECANICO', 'JOSE', NULL, NULL, NULL),
	(94, 18, '4658', NULL, NULL, 128000, 3, 1, 2, '2021-01-12', 'ENGRASE', NULL, '1093', NULL, 'ELECTRICO', 'RAUL', NULL, NULL, NULL),
	(95, 18, '4659', NULL, NULL, 129000, 3, 1, 2, '2021-01-12', 'REVISIÓN DE PÉRTIGA', NULL, '1094', NULL, 'MECANICO', 'JOSE', NULL, NULL, NULL),
	(96, 18, '4660', NULL, NULL, 130000, 3, 1, 2, '2021-01-12', 'REVISION DE UNIDAD', NULL, '1095', NULL, 'ELECTRICO', 'RAUL', NULL, NULL, NULL),
	(97, 18, '4661', NULL, NULL, 131000, 3, 1, 2, '2021-01-12', 'REVISIÓN CAJA PORTAHERRAMIENTAS', NULL, '1096', NULL, 'MECANICO', 'JOSE', NULL, NULL, NULL),
	(98, 18, '4662', NULL, NULL, 132000, 3, 1, 2, '2021-01-12', 'ENGRASE', NULL, '1097', NULL, 'ELECTRICO', 'RAUL', NULL, NULL, NULL),
	(99, 18, '4663', NULL, NULL, 133000, 3, 1, 2, '2021-01-12', 'REVISIÓN DE CHAPA DE PUERTAS DE CABINA', NULL, '1098', NULL, 'MECANICO', 'JOSE', NULL, NULL, NULL),
	(100, 18, '4664', NULL, NULL, 134000, 3, 1, 2, '2021-01-12', 'CAMBIO DE ACEITE', NULL, '1099', NULL, 'ELECTRICO', 'RAUL', NULL, NULL, NULL),
	(101, 18, '4665', NULL, NULL, 135000, 3, 1, 2, '2021-01-12', 'ENGRASE', NULL, '1100', NULL, 'MECANICO', 'JOSE', NULL, NULL, NULL),
	(102, 18, '4666', NULL, NULL, 136000, 3, 1, 2, '2021-01-12', 'REVISIÓN RUEDAS DELANTERAS', NULL, '1101', NULL, 'ELECTRICO', 'RAUL', NULL, NULL, NULL),
	(103, 18, '4667', NULL, NULL, 137000, 3, 1, 2, '2021-01-12', 'INSTALACIÓN TANQUE DE AGUA', NULL, '1102', NULL, 'MECANICO', 'JOSE', NULL, NULL, NULL),
	(104, 18, '4668', NULL, NULL, 138000, 3, 1, 2, '2021-01-12', 'REGULACIÓN DE EMBRAGUE', NULL, '1103', NULL, 'ELECTRICO', 'RAUL', NULL, NULL, NULL),
	(105, 18, '4669', NULL, NULL, 139000, 3, 1, 2, '2021-01-12', 'ENGRASE', NULL, '1104', NULL, 'MECANICO', 'JOSE', NULL, NULL, NULL),
	(106, 18, '4670', NULL, NULL, 140000, 3, 1, 2, '2021-01-12', 'AUMENTO PRESIONES DE NEUMÁTICOS', NULL, '1105', NULL, 'ELECTRICO', 'RAUL', NULL, NULL, NULL),
	(107, 18, '4671', NULL, NULL, 141000, 3, 1, 2, '2021-01-12', 'CAMBIO DE ACEITE', NULL, '1106', NULL, 'MECANICO', 'JOSE', NULL, NULL, NULL),
	(108, 18, '4672', NULL, NULL, 142000, 3, 1, 2, '2021-01-12', 'ENGRASE', NULL, '1107', NULL, 'ELECTRICO', 'RAUL', NULL, NULL, NULL),
	(109, 18, '4673', NULL, NULL, 143000, 3, 1, 2, '2021-01-12', 'REPARACIÓN DE ASIENTO DE PILOTO', NULL, '1108', NULL, 'MECANICO', 'JOSE', NULL, NULL, NULL),
	(110, 18, '4674', NULL, NULL, 144000, 3, 1, 2, '2021-01-12', 'ENGRASE', NULL, '1109', NULL, 'ELECTRICO', 'RAUL', NULL, NULL, NULL),
	(111, 18, '4675', NULL, NULL, 145000, 3, 1, 2, '2021-01-12', 'CAMBIO FAROS POSTERIORES', NULL, '1110', NULL, 'MECANICO', 'JOSE', NULL, NULL, NULL),
	(112, 18, '4676', NULL, NULL, 146000, 3, 1, 2, '2021-01-13', 'REVISIÓN DE LUCES', NULL, '1111', NULL, 'ELECTRICO', 'RAUL', NULL, NULL, NULL),
	(113, 18, '4677', NULL, NULL, 147000, 3, 1, 2, '2021-01-13', 'ENGRASE', NULL, '1112', NULL, 'MECANICO', 'JOSE', NULL, NULL, NULL),
	(114, 9, '4678', NULL, NULL, 148000, 3, 1, 2, '2021-01-13', 'REVISIÓN PRESION DE NEUMÁTICOSS', NULL, '1113', NULL, 'ELECTRICO', 'RAUL', NULL, NULL, NULL),
	(115, 9, '4679', NULL, NULL, 149000, 3, 1, 2, '2021-01-13', 'CAMBIO CONECTOR ELÉCTRICO', NULL, '1114', NULL, 'MECANICO', 'JOSE', NULL, NULL, NULL),
	(116, 9, '4680', NULL, NULL, 150000, 3, 1, 2, '2021-01-13', 'REVISIÓN CARTUCHO DE PULPO', NULL, '1115', NULL, 'ELECTRICO', 'RAUL', NULL, NULL, NULL),
	(117, 9, '4681', NULL, NULL, 151000, 3, 1, 2, '2021-01-13', 'REPARACIÓN DE PISO DE PLATAFORMA', NULL, '1116', NULL, 'MECANICO', 'JOSE', NULL, NULL, NULL),
	(118, 9, '4682', NULL, NULL, 152000, 3, 1, 2, '2021-01-13', 'ENGRASE', NULL, '1117', NULL, 'ELECTRICO', 'RAUL', NULL, NULL, NULL),
	(119, 9, '4683', NULL, NULL, 153000, 3, 1, 2, '2021-01-13', 'AUMENTO PRESIONES DE NEUMÁTICOS', NULL, '1118', NULL, 'MECANICO', 'JOSE', NULL, NULL, NULL),
	(120, 9, '4684', NULL, NULL, 154000, 3, 1, 2, '2021-01-13', 'CAMBIO DE ACEITE', NULL, '1119', NULL, 'ELECTRICO', 'RAUL', NULL, NULL, NULL),
	(121, 9, '4685', NULL, NULL, 155000, 3, 2, 2, '2021-01-13', 'REPARACIÓN DE NEUMÁTICO EN RUTA', NULL, '1120', NULL, 'MECANICO', 'JOSE', NULL, NULL, NULL),
	(122, 9, '4686', NULL, NULL, 156000, 3, 2, 2, '2021-01-13', 'REPARACIÓN DE NEUMÁTICO EN RUTA', NULL, '1121', NULL, 'ELECTRICO', 'RAUL', NULL, NULL, NULL),
	(123, 9, '4687', NULL, NULL, 157000, 3, 2, 2, '2021-01-13', 'REPARACIÓN DE NEUMÁTICO EN RUTA', NULL, '1122', NULL, 'MECANICO', 'JOSE', NULL, NULL, NULL),
	(124, 9, '4688', NULL, NULL, 158000, 3, 1, 2, '2021-01-13', 'REVISIÓN DE LUCES', NULL, '1123', NULL, 'ELECTRICO', 'RAUL', NULL, NULL, NULL),
	(125, 9, '4689', NULL, NULL, 159000, 3, 1, 2, '2021-01-13', 'CAMBIO DE ACEITE', NULL, '1124', NULL, 'MECANICO', 'JOSE', NULL, NULL, NULL),
	(126, 9, '4690', NULL, NULL, 160000, 3, 1, 2, '2021-01-13', 'ENGRASE', NULL, '1125', NULL, 'ELECTRICO', 'RAUL', NULL, NULL, NULL),
	(127, 9, '4691', NULL, NULL, 161000, 3, 1, 2, '2021-01-14', 'CAMBIO MAXIBRAKE 2DA CORONA LI', NULL, '1126', NULL, 'MECANICO', 'JOSE', NULL, NULL, NULL),
	(128, 9, '4692', NULL, NULL, 162000, 3, 1, 2, '2021-01-14', 'AUMENTO ACEITE DE MOTOR', NULL, '1127', NULL, 'ELECTRICO', 'RAUL', NULL, NULL, NULL),
	(129, 9, '4693', NULL, NULL, 163000, 3, 1, 2, '2021-01-14', 'LIMPIEZA DE FILTRO DE AIRE', NULL, '1128', NULL, 'MECANICO', 'JOSE', NULL, NULL, NULL),
	(130, 9, '4694', NULL, NULL, 164000, 3, 1, 2, '2021-01-14', 'CAMBIO ACEITE DE MOTOR', NULL, '1129', NULL, 'ELECTRICO', 'RAUL', NULL, NULL, NULL),
	(131, 9, '4695', NULL, NULL, 165000, 3, 1, 2, '2021-01-14', 'CAMBIO FILTRO DE ACEITE', NULL, '1130', NULL, 'MECANICO', 'JOSE', NULL, NULL, NULL),
	(132, 9, '4696', NULL, NULL, 166000, 3, 1, 2, '2021-01-14', 'REVISION DE TOLDERA', NULL, '1131', NULL, 'ELECTRICO', 'RAUL', NULL, NULL, NULL),
	(133, 9, '4697', NULL, NULL, 167000, 3, 1, 2, '2021-01-14', 'ENGRASE', NULL, '1132', NULL, 'MECANICO', 'JOSE', NULL, NULL, NULL),
	(134, 9, '4698', NULL, NULL, 168000, 3, 1, 2, '2021-01-14', 'REPARACIÓN DE PARANTES DE BARANDA', NULL, '1133', NULL, 'ELECTRICO', 'RAUL', NULL, NULL, NULL),
	(135, 9, '4699', NULL, NULL, 169000, 3, 1, 2, '2021-01-15', 'CAMBIO ACEITE DE DIFERENCIALES', NULL, '1134', NULL, 'MECANICO', 'JOSE', NULL, NULL, NULL),
	(136, 9, '4700', NULL, NULL, 170000, 3, 1, 2, '2021-01-15', 'CAMBIO SWITCH ON/OFF FRENO DE MOTOR', NULL, '1135', NULL, 'ELECTRICO', 'RAUL', NULL, NULL, NULL),
	(137, 9, '4701', NULL, NULL, 171000, 3, 1, 2, '2021-01-15', 'CAMBIO RETÉN DE SALIDA DE TRANSMISIÓN', NULL, '1136', NULL, 'MECANICO', 'JOSE', NULL, NULL, NULL),
	(138, 9, '4702', NULL, NULL, 172000, 3, 1, 2, '2021-01-15', 'CAMBIO ORINGS PISTON SUPERMARCHA', NULL, '1137', NULL, 'ELECTRICO', 'RAUL', NULL, NULL, NULL),
	(139, 9, '4703', NULL, NULL, 173000, 3, 1, 2, '2021-01-15', 'CAMBIO ACEITE DE TRANSMISIÓN', NULL, '1138', NULL, 'MECANICO', 'JOSE', NULL, NULL, NULL),
	(140, 9, '4704', NULL, NULL, 174000, 3, 1, 2, '2021-01-15', 'CAMBIO ACEITE CUBOS DELANTEROS', NULL, '1139', NULL, 'ELECTRICO', 'RAUL', NULL, NULL, NULL),
	(141, 9, '4705', NULL, NULL, 175000, 3, 1, 2, '2021-01-15', 'CAMBIO MANGUERAS ROJO Y AZUL', NULL, '1140', NULL, 'MECANICO', 'JOSE', NULL, NULL, NULL),
	(142, 9, '4706', NULL, NULL, 176000, 3, 2, 2, '2021-01-15', 'REPARACIÓN DE NEUMÁTICO 2DO EJE LD', NULL, '1141', NULL, 'ELECTRICO', 'RAUL', NULL, NULL, NULL),
	(143, 9, '4707', NULL, NULL, 177000, 3, 1, 2, '2021-01-15', 'AUMENTO ACEITE DE MOTOR', NULL, '1142', NULL, 'MECANICO', 'JOSE', NULL, NULL, NULL),
	(144, 9, '4708', NULL, NULL, 178000, 3, 2, 2, '2021-01-15', 'REPARACIÓN DE NEUMÁTICO EN RUTA', NULL, '1143', NULL, 'ELECTRICO', 'RAUL', NULL, NULL, NULL),
	(145, 9, '4709', NULL, NULL, 179000, 3, 1, 2, '2021-01-15', 'CAMBIO DE ACEITE', NULL, '1144', NULL, 'MECANICO', 'JOSE', NULL, NULL, NULL),
	(146, 9, '4710', NULL, NULL, 180000, 3, 1, 2, '2021-01-15', 'ENGRASE', NULL, '1145', NULL, 'ELECTRICO', 'RAUL', NULL, NULL, NULL),
	(147, 9, '4711', NULL, NULL, 181000, 3, 1, 2, '2021-01-15', 'AUMENTO LIQUIDO LIMPIAPARABRISAS', NULL, '1146', NULL, 'MECANICO', 'JOSE', NULL, NULL, NULL),
	(148, 9, '4712', NULL, NULL, 182000, 3, 1, 2, '2021-01-15', 'ENGRASE', NULL, '1147', NULL, 'ELECTRICO', 'RAUL', NULL, NULL, NULL),
	(149, 9, '4713', NULL, NULL, 183000, 3, 1, 2, '2021-01-15', 'REGULACIÓN DE FRENOS', NULL, '1148', NULL, 'MECANICO', 'JOSE', NULL, NULL, NULL),
	(150, 9, '4714', NULL, NULL, 184000, 3, 1, 2, '2021-01-15', 'REVISIÓN DE LUCES', NULL, '1149', NULL, 'ELECTRICO', 'RAUL', NULL, NULL, NULL),
	(151, 9, '4715', NULL, NULL, 185000, 3, 1, 2, '2021-01-15', 'REVISIÓN CARTUCHO DE PULPO', NULL, '1150', NULL, 'MECANICO', 'JOSE', NULL, NULL, NULL),
	(152, 9, '4716', NULL, NULL, 186000, 3, 1, 2, '2021-01-15', 'CAMBIO DE FALDONES POSTERIORES', NULL, '1151', NULL, 'ELECTRICO', 'RAUL', NULL, NULL, NULL),
	(153, 9, '4717', NULL, NULL, 187000, 3, 1, 2, '2021-01-15', 'LIMPIEZA DE FILTRO DE AIRE', NULL, '1152', NULL, 'MECANICO', 'JOSE', NULL, NULL, NULL),
	(154, 9, '4718', NULL, NULL, 188000, 3, 1, 2, '2021-01-15', 'AUMENTO ACEITE DE MOTOR', NULL, '1153', NULL, 'ELECTRICO', 'RAUL', NULL, NULL, NULL),
	(155, 9, '4719', NULL, NULL, 189000, 3, 1, 2, '2021-01-16', 'REPARACIÓN DE TOLDERA', NULL, '1154', NULL, 'MECANICO', 'JOSE', NULL, NULL, NULL),
	(156, 9, '4720', NULL, NULL, 190000, 3, 1, 2, '2021-01-16', 'REVISION DE LUCES', NULL, '1155', NULL, 'ELECTRICO', 'RAUL', NULL, NULL, NULL),
	(157, 9, '4721', NULL, NULL, 191000, 1, 1, 2, '2021-01-18', 'ENGRASE DE TORNAMESA', NULL, '1156', NULL, 'MECANICO', 'JOSE', NULL, NULL, NULL),
	(158, 9, '4722', NULL, NULL, 192000, 1, 1, 2, '2021-01-18', 'REVISION DE ARRANCADOR', NULL, '1157', NULL, 'ELECTRICO', 'RAUL', NULL, NULL, NULL),
	(159, 9, '4723', NULL, NULL, 193000, 1, 1, 2, '2021-01-18', 'CAMBIO DE ARRANCADOR', NULL, '1158', NULL, 'MECANICO', 'JOSE', NULL, NULL, NULL),
	(160, 9, '4724', NULL, NULL, 194000, 1, 1, 2, '2021-01-18', 'REGULACIÓN DE FRENOS', NULL, '1159', NULL, 'ELECTRICO', 'RAUL', NULL, NULL, NULL),
	(161, 9, '4725', NULL, NULL, 195000, 1, 1, 2, '2021-01-18', 'AUMENTO PRESIONES DE NEUMÁTICOS', NULL, '1160', NULL, 'MECANICO', 'JOSE', NULL, NULL, NULL),
	(162, 9, '4726', NULL, NULL, 196000, 1, 1, 2, '2021-01-18', 'ENGRASE', NULL, '1161', NULL, 'ELECTRICO', 'RAUL', NULL, NULL, NULL),
	(163, 9, '4727', NULL, NULL, 197000, 1, 1, 2, '2021-01-18', 'AUMENTO PRESIONES DE NEUMÁTICOS', NULL, '1162', NULL, 'MECANICO', 'JOSE', NULL, NULL, NULL),
	(164, 9, '4728', NULL, NULL, 198000, 1, 1, 2, '2021-01-18', 'CAMBIO DE ACEITE', NULL, '1163', NULL, 'ELECTRICO', 'RAUL', NULL, NULL, NULL),
	(165, 9, '4729', NULL, NULL, 199000, 1, 1, 2, '2021-01-18', 'ENGRASE', NULL, '1164', NULL, 'MECANICO', 'JOSE', NULL, NULL, NULL),
	(166, 9, '4730', NULL, NULL, 200000, 1, 1, 2, '2021-01-18', 'CAMBIO AMORTIGUADORES DE CABINA', NULL, '1165', NULL, 'ELECTRICO', 'RAUL', NULL, NULL, NULL),
	(167, 9, '4731', NULL, NULL, 201000, 1, 1, 2, '2021-01-18', 'CAMBIO FAJA MASA DE VENTILADOR Y ACCESORIOS', NULL, '1166', NULL, 'MECANICO', 'JOSE', NULL, NULL, NULL),
	(168, 9, '4732', NULL, NULL, 202000, 1, 1, 2, '2021-01-18', 'REPARACION SEGURO DE PERTIGA', NULL, '1167', NULL, 'ELECTRICO', 'RAUL', NULL, NULL, NULL),
	(169, 9, '4733', NULL, NULL, 203000, 1, 1, 2, '2021-01-18', 'CAMBIO CORREA DE A/C', NULL, '1168', NULL, 'MECANICO', 'JOSE', NULL, NULL, NULL),
	(170, 9, '4734', NULL, NULL, 204000, 1, 1, 2, '2021-01-18', 'CAMBIO MANGUERAS ROJO Y AZUL', NULL, '1169', NULL, 'ELECTRICO', 'RAUL', NULL, NULL, NULL),
	(171, 9, '4735', NULL, NULL, 205000, 1, 1, 2, '2021-01-18', 'REPARACIÓN BARANDA LI', NULL, '1170', NULL, 'MECANICO', 'JOSE', NULL, NULL, NULL),
	(172, 9, '4736', NULL, NULL, 206000, 1, 1, 2, '2021-01-18', 'CAMBIO DE ACEITE', NULL, '1171', NULL, 'ELECTRICO', 'RAUL', NULL, NULL, NULL),
	(173, 9, '4737', NULL, NULL, 207000, 1, 1, 2, '2021-01-18', 'ENGRASE', NULL, '1172', NULL, 'MECANICO', 'JOSE', NULL, NULL, NULL),
	(174, 9, '4738', NULL, NULL, 208000, 1, 2, 2, '2021-01-18', 'REPARACIÓN DE NEUMÁTICO EN RUTA', NULL, '1173', NULL, 'ELECTRICO', 'RAUL', NULL, NULL, NULL),
	(175, 9, '4739', NULL, NULL, 209000, 1, 1, 2, '2021-01-18', 'REVISIÓN POR FUGA DE AIRE', NULL, '1174', NULL, 'MECANICO', 'JOSE', NULL, NULL, NULL),
	(176, 9, '4740', NULL, NULL, 210000, 1, 1, 2, '2021-01-18', 'ENGRASE DE TORNAMESA', NULL, '1175', NULL, 'ELECTRICO', 'RAUL', NULL, NULL, NULL),
	(177, 9, '4741', NULL, NULL, 211000, 1, 1, 2, '2021-01-18', 'ENGRASE', NULL, '1176', NULL, 'MECANICO', 'JOSE', NULL, NULL, NULL),
	(178, 9, '4742', NULL, NULL, 212000, 1, 1, 2, '2021-01-18', 'CAMBIO MANGUERAS ROJO Y AZUL', NULL, '1177', NULL, 'ELECTRICO', 'RAUL', NULL, NULL, NULL),
	(179, 9, '4743', NULL, NULL, 213000, 1, 1, 2, '2021-01-18', 'REVISIÓN POR FUGA DE AIRE', NULL, '1178', NULL, 'MECANICO', 'JOSE', NULL, NULL, NULL),
	(180, 9, '4744', NULL, NULL, 214000, 1, 1, 2, '2021-01-18', 'ENGRASE', NULL, '1179', NULL, 'ELECTRICO', 'RAUL', NULL, NULL, NULL),
	(181, 9, '4745', NULL, NULL, 215000, 1, 1, 2, '2021-01-19', 'ENGRASE', NULL, '1180', NULL, 'MECANICO', 'JOSE', NULL, NULL, NULL),
	(182, 9, '4746', NULL, NULL, 216000, 1, 1, 2, '2021-01-19', 'CAMBIO DE ACEITE', NULL, '1181', NULL, 'ELECTRICO', 'RAUL', NULL, NULL, NULL),
	(183, 9, '4747', NULL, NULL, 217000, 1, 1, 2, '2021-01-19', 'REPARACIÓN SOPORTE DE PÉRTIGA', NULL, '1182', NULL, 'MECANICO', 'JOSE', NULL, NULL, NULL),
	(184, 9, '4748', NULL, NULL, 218000, 1, 1, 2, '2021-01-19', 'REPARACIÓN DE BARANDA', NULL, '1183', NULL, 'ELECTRICO', 'RAUL', NULL, NULL, NULL),
	(185, 9, '4749', NULL, NULL, 219000, 1, 1, 2, '2021-01-19', 'ENGRASE', NULL, '1184', NULL, 'MECANICO', 'JOSE', NULL, NULL, NULL),
	(186, 9, '4750', NULL, NULL, 220000, 1, 1, 2, '2021-01-19', 'REVISIÓN DE PATAS DE APOYO', NULL, '1185', NULL, 'ELECTRICO', 'RAUL', NULL, NULL, NULL),
	(187, 9, '4751', NULL, NULL, 221000, 1, 2, 2, '2021-01-19', 'REPARACIÓN DE NEUMÁTICO EN RUTA', NULL, '1186', NULL, 'MECANICO', 'JOSE', NULL, NULL, NULL),
	(188, 9, '4752', NULL, NULL, 222000, 1, 2, 2, '2021-01-19', 'REPARACIÓN DE NEUMÁTICO EN RUTA', NULL, '1187', NULL, 'ELECTRICO', 'RAUL', NULL, NULL, NULL),
	(189, 9, '4753', NULL, NULL, 223000, 1, 1, 2, '2021-01-19', 'REPARACIÓN DE GUIA DE CAPOT', NULL, '1188', NULL, 'MECANICO', 'JOSE', NULL, NULL, NULL),
	(190, 9, '4754', NULL, NULL, 224000, 1, 1, 2, '2021-01-19', 'AUMENTO UREA', NULL, '1189', NULL, 'ELECTRICO', 'RAUL', NULL, NULL, NULL),
	(191, 9, '4755', NULL, NULL, 225000, 1, 1, 2, '2021-01-20', 'REVISION DE LUCES', NULL, '1190', NULL, 'MECANICO', 'JOSE', NULL, NULL, NULL),
	(192, 9, '4756', NULL, NULL, 226000, 1, 1, 2, '2021-01-20', 'REVISION DE UNIDAD', NULL, '1191', NULL, 'ELECTRICO', 'RAUL', NULL, NULL, NULL),
	(193, 9, '4757', NULL, NULL, 227000, 1, 1, 2, '2021-01-20', 'ENGRASE', NULL, '1192', NULL, 'MECANICO', 'JOSE', NULL, NULL, NULL),
	(194, 9, '4758', NULL, NULL, 228000, 1, 1, 2, '2021-01-20', 'INSPECCIÓN DE NEUMÁTICOS', NULL, '1193', NULL, 'ELECTRICO', 'RAUL', NULL, NULL, NULL),
	(195, 9, '4759', NULL, NULL, 229000, 1, 1, 2, '2021-01-20', 'ENGRASE', NULL, '1194', NULL, 'MECANICO', 'JOSE', NULL, NULL, NULL),
	(196, 9, '4760', NULL, NULL, 230000, 1, 1, 2, '2021-01-20', 'ROTACIÓN DE NEUMÁTICOS TRACCIÓN', NULL, '1195', NULL, 'ELECTRICO', 'RAUL', NULL, NULL, NULL),
	(197, 9, '4761', NULL, NULL, 231000, 1, 1, 2, '2021-01-20', 'ENGRASE', NULL, '1196', NULL, 'MECANICO', 'JOSE', NULL, NULL, NULL),
	(198, 9, '4762', NULL, NULL, 232000, 1, 1, 2, '2021-01-20', 'REGULACIÓN DE FRENOS', NULL, '1197', NULL, 'ELECTRICO', 'RAUL', NULL, NULL, NULL),
	(199, 9, '4763', NULL, NULL, 233000, 1, 2, 2, '2021-01-20', 'AUXILIO MECÁNICO PEAJE UCHUMAYO', NULL, '1198', NULL, 'MECANICO', 'JOSE', NULL, NULL, NULL),
	(200, 9, '4764', NULL, NULL, 234000, 1, 2, 2, '2021-01-20', 'CAMBIO CAÑERÍA DE SUCCIÓN TANQUE COMBUSTIBLE LD', NULL, '1199', NULL, 'ELECTRICO', 'RAUL', NULL, NULL, NULL),
	(201, 9, '4765', NULL, NULL, 235000, 1, 2, 2, '2021-01-20', 'CAMBIO CAÑERÍA DE SUCCIÓN TANQUE COMBUSTIBLE LD', NULL, '1200', NULL, 'MECANICO', 'JOSE', NULL, NULL, NULL),
	(202, 9, '4766', NULL, NULL, 236000, 1, 1, 2, '2021-01-20', 'CAMBIO DE BATERIAS', NULL, '1201', NULL, 'ELECTRICO', 'RAUL', NULL, NULL, NULL),
	(203, 9, '4767', NULL, NULL, 237000, 1, 1, 2, '2021-01-20', 'CAMBIO TAPABARROS POSTERIORES', NULL, '1202', NULL, 'MECANICO', 'JOSE', NULL, NULL, NULL),
	(204, 9, '4768', NULL, NULL, 238000, 1, 1, 2, '2021-01-20', 'AUMENTO ACEITE DE MOTOR', NULL, '1203', NULL, 'ELECTRICO', 'RAUL', NULL, NULL, NULL),
	(205, 9, '4769', NULL, NULL, 239000, 1, 1, 2, '2021-01-20', 'REGULACIÓN DE FRENOS', NULL, '1204', NULL, 'MECANICO', 'JOSE', NULL, NULL, NULL),
	(206, 9, '4770', NULL, NULL, 240000, 1, 1, 2, '2021-01-20', 'REPARACIÓN DE PLATAFORMA', NULL, '1205', NULL, 'ELECTRICO', 'RAUL', NULL, NULL, NULL),
	(207, 9, '4771', NULL, NULL, 241000, 1, 1, 2, '2021-01-20', 'AUMENTO PRESIONES DE NEUMÁTICOS', NULL, '1206', NULL, 'MECANICO', 'JOSE', NULL, NULL, NULL),
	(208, 9, '4772', NULL, NULL, 242000, 1, 1, 2, '2021-01-20', 'AUMENTO DE UREA', NULL, '1207', NULL, 'ELECTRICO', 'RAUL', NULL, NULL, NULL),
	(209, 9, '4773', NULL, NULL, 243000, 1, 1, 2, '2021-01-21', 'REVISIÓN DE PATAS DE APOYO', NULL, '1208', NULL, 'MECANICO', 'JOSE', NULL, NULL, NULL),
	(210, 9, '4774', NULL, NULL, 244000, 1, 1, 2, '2021-01-21', 'ROTACIÓN DE NEUMÁTICOS', NULL, '1209', NULL, 'ELECTRICO', 'RAUL', NULL, NULL, NULL),
	(211, 9, '4775', NULL, NULL, 245000, 5, 1, 2, '2021-01-21', 'PINTADO DE UNIDAD', NULL, '1210', NULL, 'MECANICO', 'JOSE', NULL, NULL, NULL),
	(212, 9, '4776', NULL, NULL, 246000, 5, 1, 2, '2021-01-21', 'CAMBIO GRASA DE BOCAMASAS', NULL, '1211', NULL, 'ELECTRICO', 'RAUL', NULL, NULL, NULL),
	(213, 9, '4777', NULL, NULL, 247000, 5, 1, 2, '2021-01-21', NULL, NULL, '1212', NULL, 'MECANICO', 'JOSE', NULL, NULL, NULL),
	(214, 9, '4778', NULL, NULL, 248000, 5, 2, 2, '2021-01-21', 'REPARACIÓN DE NEUMÁTICOS EN RUTA', NULL, '1213', NULL, 'ELECTRICO', 'RAUL', NULL, NULL, NULL),
	(215, 9, '4779', NULL, NULL, 249000, 5, 1, 2, '2021-01-21', 'CAMBIO DE ACEITE', NULL, '1214', NULL, 'MECANICO', 'JOSE', NULL, NULL, NULL),
	(216, 9, '4780', NULL, NULL, 250000, 5, 1, 2, '2021-01-21', 'ENGRASE', NULL, '1215', NULL, 'ELECTRICO', 'RAUL', NULL, NULL, NULL),
	(217, 9, '4781', NULL, NULL, 251000, 5, 1, 2, '2021-01-21', 'AUMENTO LIQUIDO LIMPIAPARABRISAS', NULL, '1216', NULL, 'MECANICO', 'JOSE', NULL, NULL, NULL),
	(218, 9, '4782', NULL, NULL, 252000, 5, 1, 2, '2021-01-21', 'INSPECCIÓN DE NEUMÁTICOS', NULL, '1217', NULL, 'ELECTRICO', 'RAUL', NULL, NULL, NULL),
	(219, 9, '4783', NULL, NULL, 253000, 5, 1, 2, '2021-01-21', 'CAMBIO DE CEDAZO', NULL, '1218', NULL, 'MECANICO', 'JOSE', NULL, NULL, NULL),
	(220, 9, '4784', NULL, NULL, 254000, 5, 1, 2, '2021-01-21', 'REPARACIÓN DE PISADERA LI', NULL, '1219', NULL, 'ELECTRICO', 'RAUL', NULL, NULL, NULL),
	(221, 9, '4785', NULL, NULL, 255000, 5, 1, 2, '2021-01-21', 'ENGRASE', NULL, '1220', NULL, 'MECANICO', 'JOSE', NULL, NULL, NULL),
	(222, 9, '4786', NULL, NULL, 256000, 5, 1, 2, '2021-01-21', 'CAMBIO DE ACEITE', NULL, '1221', NULL, 'ELECTRICO', 'RAUL', NULL, NULL, NULL),
	(223, 9, '4787', NULL, NULL, 257000, 5, 1, 2, '2021-01-21', 'REVISIÓN FRENO DE MOTOR', NULL, '1222', NULL, 'MECANICO', 'JOSE', NULL, NULL, NULL),
	(224, 9, '4788', NULL, NULL, 258000, 5, 1, 2, '2021-01-21', 'ENGRASE', NULL, '1223', NULL, 'ELECTRICO', 'RAUL', NULL, NULL, NULL),
	(225, 9, NULL, NULL, NULL, 259000, 5, 1, 2, '2020-08-13', 'Revisión de Unidad', NULL, '1224', NULL, 'MECANICO', 'JOSE', NULL, NULL, NULL),
	(226, 9, NULL, NULL, NULL, 260000, 5, 1, 2, '2020-08-13', 'Aumento de Líquido Refrigerante', NULL, '1225', NULL, 'ELECTRICO', 'RAUL', NULL, NULL, NULL),
	(227, 9, NULL, NULL, NULL, 261000, 5, 1, 2, '2020-08-13', 'Cambio de Tapa de Templador', NULL, '1226', NULL, 'MECANICO', 'JOSE', NULL, NULL, NULL),
	(228, 9, '7822', NULL, NULL, 262000, 5, 1, 2, '2021-01-21', 'CAMBIO NEUMÁTICOS DELANTEROS', NULL, '1227', NULL, 'ELECTRICO', 'RAUL', NULL, NULL, NULL),
	(229, 9, '7822', NULL, NULL, 263000, 5, 1, 2, '2021-01-21', 'REGULACIÓN DE TORNAMESA', NULL, '1228', NULL, 'MECANICO', 'JOSE', NULL, NULL, NULL),
	(230, 9, '7823', NULL, NULL, 264000, 5, 1, 2, '2021-01-23', 'ENGRASE', NULL, '1229', NULL, 'ELECTRICO', 'RAUL', NULL, NULL, NULL),
	(231, 9, '7823', NULL, NULL, 265000, 5, 1, 2, '2021-01-23', 'CAMBIO DE ACEITE', NULL, '1230', NULL, 'MECANICO', 'JOSE', NULL, NULL, NULL),
	(232, 9, '7823', NULL, NULL, 266000, 5, 1, 2, '2021-01-23', 'CAMBIO DE ACEITE', NULL, '1231', NULL, 'ELECTRICO', 'RAUL', NULL, NULL, NULL),
	(233, 9, '7823', NULL, NULL, 267000, 5, 1, 2, '2021-01-23', 'CAMBIO DE ACEITE', NULL, '1232', NULL, 'MECANICO', 'JOSE', NULL, NULL, NULL),
	(234, 9, '7824', NULL, NULL, 268000, 5, 2, 2, '2021-01-23', 'REPARACIÓN DE CARROCERIA', NULL, '1233', NULL, 'ELECTRICO', 'RAUL', NULL, NULL, NULL),
	(235, 9, '7825', NULL, NULL, 269000, 5, 1, 2, '2021-01-23', 'REVISIÓN FUGA DE AIRE', NULL, '1234', NULL, 'MECANICO', 'JOSE', NULL, NULL, NULL),
	(236, 9, '7825', NULL, NULL, 270000, 5, 1, 2, '2021-01-23', 'REVISIÓN CIGARRERA', NULL, '1235', NULL, 'ELECTRICO', 'RAUL', NULL, NULL, NULL),
	(237, 9, '7826', NULL, NULL, 271000, 5, 1, 2, '2021-01-25', 'REVISION DE NEUMÁTICOS', NULL, '1236', NULL, 'MECANICO', 'JOSE', NULL, NULL, NULL),
	(238, 9, '7827', NULL, NULL, 272000, 5, 2, 2, '2021-01-25', 'REPARACION DE TRANSMISIÓN', NULL, '1237', NULL, 'ELECTRICO', 'RAUL', NULL, NULL, NULL),
	(239, 9, '7827', NULL, NULL, 273000, 5, 2, 2, '2021-01-25', 'CAMBIO DE EMBRAGUE', NULL, '1238', NULL, 'MECANICO', 'JOSE', NULL, NULL, NULL),
	(240, 9, '7827', NULL, NULL, 274000, 5, 2, 2, '2021-01-25', 'PINTADO DE CHASIS', NULL, '1239', NULL, 'ELECTRICO', 'RAUL', NULL, NULL, NULL),
	(241, 9, '7827', NULL, NULL, 275000, 5, 2, 2, '2021-01-25', 'CAMBIO DE MANGUERA DE COLLARÍN', NULL, '1240', NULL, 'MECANICO', 'JOSE', NULL, NULL, NULL),
	(242, 9, '7827', NULL, NULL, 276000, 5, 2, 2, '2021-01-25', 'CAMBIO DE ACEITE', NULL, '1241', NULL, 'ELECTRICO', 'RAUL', NULL, NULL, NULL),
	(243, 9, '7827', NULL, NULL, 277000, 5, 2, 2, '2021-01-25', 'ENGRASE', NULL, '1242', NULL, 'MECANICO', 'JOSE', NULL, NULL, NULL),
	(244, 9, '7827', NULL, NULL, 278000, 5, 2, 2, '2021-01-25', 'CAMBIO ACEITE DE TRANSMISIÓN', NULL, '1243', NULL, 'ELECTRICO', 'RAUL', NULL, NULL, NULL),
	(245, 9, '7827', NULL, NULL, 279000, 5, 2, 2, '2021-01-25', 'CORREA DE VENTILADOR', NULL, '1244', NULL, 'MECANICO', 'JOSE', NULL, NULL, NULL),
	(246, 9, '7828', NULL, NULL, 280000, 5, 1, 2, '2021-01-25', 'CAMBIO DE ACEITE', NULL, '1245', NULL, 'ELECTRICO', 'RAUL', NULL, NULL, NULL),
	(247, 9, '7829', NULL, NULL, 281000, 5, 1, 2, '2021-01-25', 'CAMBIO DE ACEITE', NULL, '1246', NULL, 'MECANICO', 'JOSE', NULL, NULL, NULL),
	(248, 9, '7829', NULL, NULL, 282000, 5, 1, 2, '2021-01-25', 'ENGRASE', NULL, '1247', NULL, 'ELECTRICO', 'RAUL', NULL, NULL, NULL),
	(249, 9, '7830', NULL, NULL, 283000, 5, 1, 2, '2021-01-25', 'CAMBIO DE NEUMÁTICOS DE TRACCIÓN', NULL, '1248', NULL, 'MECANICO', 'JOSE', NULL, NULL, NULL),
	(250, 9, '7831', NULL, NULL, 284000, 5, 2, 2, '2021-01-25', 'REPARACIÓN DE NEUMÁTICO EN RUTA', NULL, '1249', NULL, 'ELECTRICO', 'RAUL', NULL, NULL, NULL),
	(251, 9, '7832', NULL, NULL, 285000, 5, 1, 2, '2021-01-25', 'REPARACIÓN DE BARANDA', NULL, '1250', NULL, 'MECANICO', 'JOSE', NULL, NULL, NULL),
	(252, 9, '7833', NULL, NULL, 286000, 5, 1, 2, '2021-01-25', 'CAMBIO DE ACEITE', NULL, '1251', NULL, 'ELECTRICO', 'RAUL', NULL, NULL, NULL),
	(253, 9, '7833', NULL, NULL, 287000, 5, 1, 2, '2021-01-25', 'ENGRASE', NULL, '1252', NULL, 'MECANICO', 'JOSE', NULL, NULL, NULL),
	(254, 9, '7833', NULL, NULL, 288000, 5, 1, 2, '2021-01-25', 'REGULACIÓN DE EMBRAGUE', NULL, '1253', NULL, 'ELECTRICO', 'RAUL', NULL, NULL, NULL),
	(255, 9, '7833', NULL, NULL, 289000, 5, 1, 2, '2021-01-25', 'CAMBIO MANGUERAS ROJO Y AZUL', NULL, '1254', NULL, 'MECANICO', 'JOSE', NULL, NULL, NULL),
	(256, 9, '7834', NULL, NULL, 290000, 5, 1, 2, '2021-01-25', 'REGULACION DE FRENOS', NULL, '1255', NULL, 'ELECTRICO', 'RAUL', NULL, NULL, NULL),
	(257, 9, '7835', NULL, NULL, 291000, 5, 2, 2, '2021-01-25', 'REPARACIÓN DE NEUMÁTICO EN RUTA', NULL, '1256', NULL, 'MECANICO', 'JOSE', NULL, NULL, NULL),
	(258, 9, '7836', NULL, NULL, 292000, 5, 2, 2, '2021-01-25', 'REPARACIÓN DE NEUMÁTICO EN RUTA', NULL, '1257', NULL, 'ELECTRICO', 'RAUL', NULL, NULL, NULL),
	(259, 9, '7837', NULL, NULL, 293000, 5, 1, 2, '2021-01-25', 'REGULACIÓN DE FRENOS', NULL, '1258', NULL, 'MECANICO', 'JOSE', NULL, NULL, NULL),
	(260, 9, '7837', NULL, NULL, 294000, 5, 1, 2, '2021-01-25', 'REPARACIÓN DE MAMPARON', NULL, '1259', NULL, 'ELECTRICO', 'RAUL', NULL, NULL, NULL),
	(261, 9, '7837', NULL, NULL, 295000, 4, 1, 2, '2021-01-25', 'CAMBIO NEUMÁTICO DE REPUESTO', NULL, '1260', NULL, 'MECANICO', 'JOSE', NULL, NULL, NULL),
	(262, 9, '7838', NULL, NULL, 296000, 4, 1, 2, '2021-01-25', 'CAMBIO DE FARO ALTA Y BAJA', NULL, '1261', NULL, 'ELECTRICO', 'RAUL', NULL, NULL, NULL),
	(263, 9, '7839', NULL, NULL, 297000, 4, 1, 2, '2021-01-25', 'REGULACIÓN DE FRENOS', NULL, '1262', NULL, 'MECANICO', 'JOSE', NULL, NULL, NULL),
	(264, 9, '7840', NULL, NULL, 298000, 4, 1, 2, '2021-01-25', 'CAMBIO DE ACEITE', NULL, '1263', NULL, 'ELECTRICO', 'RAUL', NULL, NULL, NULL),
	(265, 9, '7841', NULL, NULL, 299000, 4, 1, 2, '2021-01-26', 'AUMENTO DE UREA', NULL, '1264', NULL, 'MECANICO', 'JOSE', NULL, NULL, NULL),
	(266, 9, '7842', NULL, NULL, 300000, 4, 2, 2, '2021-01-26', 'REPARACIÓN DE NEUMÁTICO EN RUTA', NULL, '1265', NULL, 'ELECTRICO', 'RAUL', NULL, NULL, NULL),
	(267, 9, '7843', NULL, NULL, 301000, 4, 1, 2, '2021-01-26', 'CAMBIO DE ACEITE', NULL, '1266', NULL, 'MECANICO', 'JOSE', NULL, NULL, NULL),
	(268, 9, '7843', NULL, NULL, 302000, 4, 1, 2, '2021-01-26', 'CAMBIO ZAPATAS DE TRACCIÓN 1RA Y 2DA CORONA', NULL, '1267', NULL, 'ELECTRICO', 'RAUL', NULL, NULL, NULL),
	(269, 9, '7843', NULL, NULL, 303000, 4, 1, 2, '2021-01-26', 'REVISIÓN POR FUGA DE AIRE PERILLA', NULL, '1268', NULL, 'MECANICO', 'JOSE', NULL, NULL, NULL),
	(270, 9, '7843', NULL, NULL, 304000, 4, 1, 2, '2021-01-26', 'REGULACIÓN DE EMBRAGUE', NULL, '1269', NULL, 'ELECTRICO', 'RAUL', NULL, NULL, NULL),
	(271, 9, '7844', NULL, NULL, 305000, 4, 1, 2, '2021-01-26', 'REVISIÓN ALARMA DE RETRO', NULL, '1270', NULL, 'MECANICO', 'JOSE', NULL, NULL, NULL),
	(272, 9, '7845', NULL, NULL, 306000, 4, 1, 2, '2021-01-27', 'CAMBIO GRASA DE BOCAMASAS', NULL, '1271', NULL, 'ELECTRICO', 'RAUL', NULL, NULL, NULL),
	(273, 9, '7845', NULL, NULL, 307000, 4, 1, 2, '2021-01-27', 'PINTADO DE UNIDAD', NULL, '1272', NULL, 'MECANICO', 'JOSE', NULL, NULL, NULL),
	(274, 9, '7845', NULL, NULL, 308000, 4, 1, 2, '2021-01-27', 'CAMBIO DE 12 NEUMÁTICOS', NULL, '1273', NULL, 'ELECTRICO', 'RAUL', NULL, NULL, NULL),
	(275, 9, '7845', NULL, NULL, 309000, 4, 1, 2, '2021-01-27', 'CAMBIO DE 12 NEUMÁTICOS', NULL, '1274', NULL, 'MECANICO', 'JOSE', NULL, NULL, NULL),
	(276, 9, '7845', NULL, NULL, 310000, 4, 1, 2, '2021-01-27', 'CAMBIO DE 12 NEUMÁTICOS', NULL, '1275', NULL, 'ELECTRICO', 'RAUL', NULL, NULL, NULL),
	(277, 9, '7845', NULL, NULL, 311000, 4, 1, 2, '2021-01-27', 'CAMBIO DE 12 NEUMÁTICOS', NULL, '1276', NULL, 'MECANICO', 'JOSE', NULL, NULL, NULL),
	(278, 9, '7846', NULL, NULL, 312000, 4, 1, 2, '2021-01-27', 'ENGRASE', NULL, '1277', NULL, 'ELECTRICO', 'RAUL', NULL, NULL, NULL),
	(279, 9, '7846', NULL, NULL, 313000, 4, 1, 2, '2021-01-27', 'CAMBIO DE ACEITE', NULL, '1278', NULL, 'MECANICO', 'JOSE', NULL, NULL, NULL),
	(280, 9, '7846', NULL, NULL, 314000, 4, 1, 2, '2021-01-27', 'CAMBIO MANGUERA AZUL', NULL, '1279', NULL, 'ELECTRICO', 'RAUL', NULL, NULL, NULL),
	(281, 9, '7847', NULL, NULL, 315000, 4, 2, 2, '2021-01-27', 'REPARACIÓN DE NEUMÁTICO EN RUTA', NULL, '1280', NULL, 'MECANICO', 'JOSE', NULL, NULL, NULL),
	(282, 9, '7848', NULL, NULL, 316000, 4, 2, 2, '2021-01-27', 'REPARACIÓN DE NEUMÁTICO EN RUTA', NULL, '1281', NULL, 'ELECTRICO', 'RAUL', NULL, NULL, NULL),
	(283, 9, '7849', NULL, NULL, 317000, 4, 2, 2, '2021-01-27', 'REPARACIÓN DE NEUMÁTICO EN RUTA', NULL, '1282', NULL, 'MECANICO', 'JOSE', NULL, NULL, NULL),
	(284, 9, '7850', NULL, NULL, 318000, 4, 2, 2, '2021-01-27', 'REPARACIÓN DE NEUMÁTICO', NULL, '1283', NULL, 'ELECTRICO', 'RAUL', NULL, NULL, NULL),
	(285, 9, '7850', NULL, NULL, 319000, 4, 2, 2, '2021-01-27', 'REVISIÓN SISTEMA ELÉCTRICO', NULL, '1284', NULL, 'MECANICO', 'JOSE', NULL, NULL, NULL),
	(286, 9, '7851', NULL, NULL, 320000, 4, 2, 2, '2021-01-27', 'AUXILIO MECÁNICO PARQUE INDUSTRIAL', NULL, '1285', NULL, 'ELECTRICO', 'RAUL', NULL, NULL, NULL),
	(287, 9, '7851', NULL, NULL, 321000, 4, 2, 2, '2021-01-27', 'REPARACIÓN DE ARRANCADOR', NULL, '1286', NULL, 'MECANICO', 'JOSE', NULL, NULL, NULL),
	(288, 9, '7852', NULL, NULL, 322000, 4, 1, 2, '2021-01-28', 'CAMBIO DE ACEITE', NULL, '1287', NULL, 'ELECTRICO', 'RAUL', NULL, NULL, NULL),
	(289, 9, '7852', NULL, NULL, 323000, 4, 1, 2, '2021-01-28', 'ENGRASE', NULL, '1288', NULL, 'MECANICO', 'JOSE', NULL, NULL, NULL),
	(290, 9, '7852', NULL, NULL, 324000, 4, 1, 2, '2021-01-28', 'CAMBIO DE MUELAS', NULL, '1289', NULL, 'ELECTRICO', 'RAUL', NULL, NULL, NULL),
	(291, 9, '7852', NULL, NULL, 325000, 4, 1, 2, '2021-01-28', 'REGULACION DE FRENOS', NULL, '1290', NULL, 'MECANICO', 'JOSE', NULL, NULL, NULL),
	(292, 9, '7852', NULL, NULL, 326000, 4, 1, 2, '2021-01-28', 'ROTACIÓN DE RUEDAS DELANTEROS', NULL, '1291', NULL, 'ELECTRICO', 'RAUL', NULL, NULL, NULL),
	(293, 9, '7853', NULL, NULL, 327000, 4, 1, 2, '2021-01-29', 'REGULACIÓN DE FRENOS', NULL, '1292', NULL, 'MECANICO', 'JOSE', NULL, NULL, NULL),
	(294, 9, '7854', NULL, NULL, 328000, 4, 1, 2, '2021-01-29', 'REGULACIÓN DE FRENOS', NULL, '1293', NULL, 'ELECTRICO', 'RAUL', NULL, NULL, NULL),
	(295, 9, '7855', NULL, NULL, 329000, 4, 1, 2, '2021-01-29', 'REPARACIÓN DE BARANDA', NULL, '1294', NULL, 'MECANICO', 'JOSE', NULL, NULL, NULL),
	(296, 9, '7855', NULL, NULL, 330000, 4, 1, 2, '2021-01-29', 'REPARACIÓN DE MAMPARON', NULL, '1295', NULL, 'ELECTRICO', 'RAUL', NULL, NULL, NULL),
	(297, 9, '7855', NULL, NULL, 331000, 4, 1, 2, '2021-01-29', 'CAMBIO CARTUCHO DE PULPO', NULL, '1296', NULL, 'MECANICO', 'JOSE', NULL, NULL, NULL),
	(298, 9, '7856', NULL, NULL, 332000, 4, 1, 2, '2021-01-29', 'CAMBIO DE ACEITE', NULL, '1297', NULL, 'ELECTRICO', 'RAUL', NULL, NULL, NULL),
	(299, 9, '7856', NULL, NULL, 333000, 4, 1, 2, '2021-01-29', 'ENGRASE', NULL, '1298', NULL, 'MECANICO', 'JOSE', NULL, NULL, NULL),
	(300, 9, '7856', NULL, NULL, 334000, 4, 1, 2, '2021-01-29', 'CAMBIO SECADOR DE AIRE', NULL, '1299', NULL, 'ELECTRICO', 'RAUL', NULL, NULL, NULL),
	(301, 9, '7856', NULL, NULL, 335000, 1, 1, 2, '2021-01-29', 'CAMBIO DE MANGUERA DE COLLARÍN', NULL, '1300', NULL, 'MECANICO', 'JOSE', NULL, NULL, NULL),
	(302, 9, '7857', NULL, NULL, 336000, 1, 1, 2, '2021-01-29', 'CAMBIO 2 NEUMÁTICOS', NULL, '1301', NULL, 'ELECTRICO', 'RAUL', NULL, NULL, NULL),
	(303, 9, '7857', NULL, NULL, 337000, 1, 1, 2, '2021-01-29', 'REPARACIÓN RODILLO TOLDEO RÁPIDO', NULL, '1302', NULL, 'MECANICO', 'JOSE', NULL, NULL, NULL),
	(304, 9, '7858', NULL, NULL, 338000, 1, 1, 2, '2021-01-29', 'CAMBIO DE ACEITE', NULL, '1303', NULL, 'ELECTRICO', 'RAUL', NULL, NULL, NULL),
	(305, 9, '7859', NULL, NULL, 339000, 1, 1, 2, '2021-01-29', 'ENGRASE', NULL, '1304', NULL, 'MECANICO', 'JOSE', NULL, NULL, NULL),
	(306, 9, '7860', NULL, NULL, 340000, 1, 2, 2, '2021-01-30', 'CAMBIO DE ARRANCADOR', NULL, '1305', NULL, 'ELECTRICO', 'RAUL', NULL, NULL, NULL),
	(307, 9, '7860', NULL, NULL, 341000, 1, 2, 2, '2021-01-30', 'CAMBIO DE MANGUERA DE COLLARÍN', NULL, '1306', NULL, 'MECANICO', 'JOSE', NULL, NULL, NULL),
	(308, 9, '7860', NULL, NULL, 342000, 1, 2, 2, '2021-01-30', 'CAMBIO DE MANGUERA AZUL', NULL, '1307', NULL, 'ELECTRICO', 'RAUL', NULL, NULL, NULL),
	(309, 9, '7860', NULL, NULL, 343000, 1, 2, 2, '2021-01-30', 'CAMBIO DE VALVULA CORTE COMBUSTIBLE', NULL, '1308', NULL, 'MECANICO', 'JOSE', NULL, NULL, NULL),
	(310, 9, '7861', NULL, NULL, 344000, 1, 1, 2, '2021-01-30', 'REGULACION DE FRENOS', NULL, '1309', NULL, 'ELECTRICO', 'RAUL', NULL, NULL, NULL),
	(311, 9, '7862', NULL, NULL, 345000, 1, 1, 2, '2021-01-30', 'REGULACION DE FRENOS', NULL, '1310', NULL, 'MECANICO', 'JOSE', NULL, NULL, NULL),
	(312, 9, '7863', NULL, NULL, 346000, 1, 1, 2, '2021-01-30', 'LIMPIEZA DE FILTRO DE AIRE', NULL, '1311', NULL, 'ELECTRICO', 'RAUL', NULL, NULL, NULL),
	(313, 9, '7864', NULL, NULL, 347000, 1, 1, 2, '2021-01-31', 'IMPLEMENTACIÓN DE RAMPAS', NULL, '1312', NULL, 'MECANICO', 'JOSE', NULL, NULL, NULL),
	(314, 9, '7865', NULL, NULL, 348000, 1, 1, 2, '2021-02-01', 'ENGRASE', NULL, '1313', NULL, 'ELECTRICO', 'RAUL', NULL, NULL, NULL),
	(315, 9, '7865', NULL, NULL, 349000, 1, 1, 2, '2021-02-01', 'REVISIÓN PRESION DE NEUMÁTICOSS', NULL, '1314', NULL, 'MECANICO', 'JOSE', NULL, NULL, NULL),
	(316, 9, '7865', NULL, NULL, 350000, 1, 1, 2, '2021-02-01', 'CAMBIO FILTRO SECADOR DE AIRE', NULL, '1315', NULL, 'ELECTRICO', 'RAUL', NULL, NULL, NULL),
	(317, 9, '7866', NULL, NULL, 351000, 1, 1, 2, '2021-02-01', 'ENGRASE', NULL, '1316', NULL, 'MECANICO', 'JOSE', NULL, NULL, NULL),
	(318, 9, '7866', NULL, NULL, 352000, 1, 1, 2, '2021-02-01', 'REVISIÓN PRESION DE NEUMÁTICOSS', NULL, '1317', NULL, 'ELECTRICO', 'RAUL', NULL, NULL, NULL),
	(319, 9, '7866', NULL, NULL, 353000, 1, 1, 2, '2021-02-01', 'REVISIÓN DE CORTINA LD', NULL, '1318', NULL, 'MECANICO', 'JOSE', NULL, NULL, NULL),
	(320, 9, '7867', NULL, NULL, 354000, 1, 1, 2, '2021-02-01', 'REPARACIÓN DE NEUMÁTICO', NULL, '1319', NULL, 'ELECTRICO', 'RAUL', NULL, NULL, NULL),
	(321, 9, '7867', NULL, NULL, 355000, 1, 1, 2, '2021-02-01', 'ENGRASE', NULL, '1320', NULL, 'MECANICO', 'JOSE', NULL, NULL, NULL),
	(322, 9, '7868', NULL, NULL, 356000, 1, 1, 2, '2021-02-01', 'ENGRASE', NULL, '1321', NULL, 'ELECTRICO', 'RAUL', NULL, NULL, NULL),
	(323, 9, '7868', NULL, NULL, 357000, 1, 1, 2, '2021-02-01', 'REPARACIÓN DE NEUMÁTICO', NULL, '1322', NULL, 'MECANICO', 'JOSE', NULL, NULL, NULL),
	(324, 9, '7869', NULL, NULL, 358000, 1, 1, 2, '2021-02-01', 'ENGRASE', NULL, '1323', NULL, 'ELECTRICO', 'RAUL', NULL, NULL, NULL),
	(325, 9, '7869', NULL, NULL, 359000, 1, 1, 3, '2021-02-01', 'REVISIÓN DE ZAPATAS DE FRENOS', NULL, '1324', NULL, 'MECANICO', 'JOSE', NULL, NULL, NULL),
	(326, 9, '7869', NULL, NULL, 360000, 1, 1, 3, '2021-02-01', 'CAMBIO DE PULPO DE FRENOS', NULL, '1325', NULL, 'ELECTRICO', 'RAUL', NULL, NULL, NULL),
	(327, 9, '7869', NULL, NULL, 361000, 1, 1, 3, '2021-02-01', 'ROTACIÓN DE NEUMÁTICOS', NULL, '1326', NULL, 'MECANICO', 'JOSE', NULL, NULL, NULL),
	(328, 9, '7870', NULL, NULL, 362000, 1, 1, 3, '2021-02-01', 'CAMBIO ZAPATAS DE TRACCIÓN 1RA Y 2DA CORONA', NULL, '1327', NULL, 'ELECTRICO', 'RAUL', NULL, NULL, NULL),
	(329, 9, '7870', NULL, NULL, 363000, 1, 1, 3, '2021-02-01', 'CAMBIO RETÉN DE RUEDA 1RA CORONA LI', NULL, '1328', NULL, 'MECANICO', 'JOSE', NULL, NULL, NULL),
	(330, 9, '7870', NULL, NULL, 364000, 1, 1, 3, '2021-02-01', 'CAMBIO FILTRO DE COMBUSTIBLE', NULL, '1329', NULL, 'ELECTRICO', 'RAUL', NULL, NULL, NULL),
	(331, 9, '7870', NULL, NULL, 365000, 1, 1, 3, '2021-02-01', 'CAMBIO DE CEDAZO', NULL, '1330', NULL, 'MECANICO', 'JOSE', NULL, NULL, NULL),
	(332, 9, '7871', NULL, NULL, 366000, 1, 1, 3, '2021-02-01', 'CAMBIO MAXIBRAKE 1RA CORONA LI', NULL, '1331', NULL, 'ELECTRICO', 'RAUL', NULL, NULL, NULL),
	(333, 9, '7871', NULL, NULL, 367000, 1, 1, 3, '2021-02-01', 'CAMBIO DE TORNAMESA', NULL, '1332', NULL, 'MECANICO', 'JOSE', NULL, NULL, NULL),
	(334, 9, '7871', NULL, NULL, 368000, 1, 1, 3, '2021-02-01', 'CAMBIO MAXIBRAKE 2DA CORONA LD', NULL, '1333', NULL, 'ELECTRICO', 'RAUL', NULL, NULL, NULL),
	(335, 9, '7871', NULL, NULL, 369000, 1, 1, 3, '2021-02-01', 'CAMBIO MANGUERA DE AGUA', NULL, '1334', NULL, 'MECANICO', 'JOSE', NULL, NULL, NULL),
	(336, 9, '7872', NULL, NULL, 370000, 1, 1, 3, '2021-02-01', 'ENGRASE', NULL, '1335', NULL, 'ELECTRICO', 'RAUL', NULL, NULL, NULL),
	(337, 9, '7872', NULL, NULL, 371000, 1, 1, 3, '2021-02-01', 'INSPECCIÓN DE NEUMÁTICOS', NULL, '1336', NULL, 'MECANICO', 'JOSE', NULL, NULL, NULL),
	(338, 9, '7872', NULL, NULL, 372000, 1, 1, 3, '2021-02-01', 'REVISIÓN DE LUCES', NULL, '1337', NULL, 'ELECTRICO', 'RAUL', NULL, NULL, NULL),
	(339, 9, '7873', NULL, NULL, 373000, 1, 1, 3, '2021-02-01', 'ENGRASE', NULL, '1338', NULL, 'MECANICO', 'JOSE', NULL, NULL, NULL),
	(340, 9, '7873', NULL, NULL, 374000, 1, 1, 3, '2021-02-01', 'CAMBIO TAPABARROS 1RA CORONA', NULL, '1339', NULL, 'ELECTRICO', 'RAUL', NULL, NULL, NULL),
	(341, 9, '7874', NULL, NULL, 375000, 1, 1, 3, '2021-02-01', 'ENGRASE DE COLLARÍN', NULL, '1340', NULL, 'MECANICO', 'JOSE', NULL, NULL, NULL),
	(342, 9, '7874', NULL, NULL, 376000, 1, 1, 3, '2021-02-01', 'CAMBIO NEUMÁTICOS DELANTEROS', NULL, '1341', NULL, 'ELECTRICO', 'RAUL', NULL, NULL, NULL),
	(343, 9, '7875', NULL, NULL, 377000, 1, 1, 3, '2021-02-01', 'CAMBIO DE ACEITE', NULL, '1342', NULL, 'MECANICO', 'JOSE', NULL, NULL, NULL),
	(344, 9, '7875', NULL, NULL, 378000, 1, 1, 3, '2021-02-01', 'ENGRASE', NULL, '1343', NULL, 'ELECTRICO', 'RAUL', NULL, NULL, NULL),
	(345, 9, '7876', NULL, NULL, 379000, 1, 1, 3, '2021-02-01', 'ENGRASE DE COLLARÍN', NULL, '1344', NULL, 'MECANICO', 'JOSE', NULL, NULL, NULL),
	(346, 9, '7877', NULL, NULL, 380000, 1, 1, 3, '2021-02-02', 'ENGRASE', NULL, '1345', NULL, 'ELECTRICO', 'RAUL', NULL, NULL, NULL),
	(347, 9, '7877', NULL, NULL, 381000, 1, 1, 3, '2021-02-02', 'IMPLEMENTACIÓN DE NEBLINEROS', NULL, '1346', NULL, 'MECANICO', 'JOSE', NULL, NULL, NULL),
	(348, 9, '7877', NULL, NULL, 382000, 1, 1, 3, '2021-02-02', 'CAMBIO DE CEDAZO', NULL, '1347', NULL, 'ELECTRICO', 'RAUL', NULL, NULL, NULL),
	(349, 9, '7877', NULL, NULL, 383000, 1, 1, 3, '2021-02-02', 'CAMBIO BUJE DE TEMPLADOR', NULL, '1348', NULL, 'MECANICO', 'JOSE', NULL, NULL, NULL),
	(350, 9, '7877', NULL, NULL, 384000, 1, 1, 3, '2021-02-02', 'REGULACIÓN DE EMBRAGUE', NULL, '1349', NULL, 'ELECTRICO', 'RAUL', NULL, NULL, NULL),
	(351, 9, '7877', NULL, NULL, 385000, 1, 1, 3, '2021-02-02', 'REVISIÓN VÁLVULA CORTE DE COMBUSTIBLE', NULL, '1350', NULL, 'MECANICO', 'JOSE', NULL, NULL, NULL),
	(352, 9, '7878', NULL, NULL, 386000, 1, 1, 3, '2021-02-02', 'ENGRASE', NULL, '1351', NULL, 'ELECTRICO', 'RAUL', NULL, NULL, NULL),
	(353, 9, '7878', NULL, NULL, 387000, 1, 1, 3, '2021-02-02', 'AUMENTO PRESIONES DE NEUMÁTICOS', NULL, '1352', NULL, 'MECANICO', 'JOSE', NULL, NULL, NULL),
	(354, 9, '7878', NULL, NULL, 388000, 1, 1, 3, '2021-02-02', 'IMPLEMENTACIÓN DE NEBLINEROS', NULL, '1353', NULL, 'ELECTRICO', 'RAUL', NULL, NULL, NULL),
	(355, 9, '7878', NULL, NULL, 389000, 1, 1, 3, '2021-02-02', 'REGULACIÓN DE EMBRAGUE', NULL, '1354', NULL, 'MECANICO', 'JOSE', NULL, NULL, NULL),
	(356, 9, '7879', NULL, NULL, 390000, 1, 1, 1, '2021-02-02', 'REPARACIÓN PORTALLANTA', NULL, '1355', NULL, 'ELECTRICO', 'RAUL', NULL, NULL, NULL),
	(357, 9, '7879', NULL, NULL, 391000, 1, 1, 1, '2021-02-02', 'ENGRASE', NULL, '1356', NULL, 'MECANICO', 'JOSE', NULL, NULL, NULL),
	(358, 9, '7879', NULL, NULL, 392000, 1, 1, 1, '2021-02-02', 'AUMENTO PRESIONES DE NEUMÁTICOS', NULL, '1357', NULL, 'ELECTRICO', 'RAUL', NULL, NULL, NULL),
	(359, 9, '7880', NULL, NULL, 393000, 1, 1, 1, '2021-02-02', 'AUMENTO DE UREA', NULL, '1358', NULL, 'MECANICO', 'JOSE', NULL, NULL, NULL),
	(360, 9, '7881', NULL, NULL, 394000, 1, 1, 2, '2021-02-02', 'CAMBIO DE ACEITE', NULL, '1359', NULL, 'ELECTRICO', 'RAUL', NULL, NULL, NULL),
	(361, 9, '7881', NULL, NULL, 395000, 1, 1, 2, '2021-02-02', 'ENGRASE', NULL, '1360', NULL, 'MECANICO', 'JOSE', NULL, NULL, NULL),
	(362, 9, '7881', NULL, NULL, 396000, 1, 1, 2, '2021-02-02', 'CAMBIO ALARMA DE RETRO', NULL, '1361', NULL, 'ELECTRICO', 'RAUL', NULL, NULL, NULL),
	(363, 9, '7881', NULL, NULL, 397000, 1, 1, 2, '2021-02-02', 'REPARACIÓN TAPABARRO 1RA CORONA LD', NULL, '1362', NULL, 'MECANICO', 'JOSE', NULL, NULL, NULL),
	(364, 9, '7882', NULL, NULL, 398000, 1, 1, 2, '2021-02-02', 'ENGRASE', NULL, '1363', NULL, 'ELECTRICO', 'RAUL', NULL, NULL, NULL),
	(365, 9, '7883', NULL, NULL, 399000, 1, 1, 2, '2021-02-03', 'ENGRASE', NULL, '1364', NULL, 'MECANICO', 'JOSE', NULL, NULL, NULL),
	(366, 9, '7883', NULL, NULL, 400000, 1, 1, 2, '2021-02-03', 'REGULACIÓN DE FRENOS', NULL, '1365', NULL, 'ELECTRICO', 'RAUL', NULL, NULL, NULL),
	(367, 9, '7883', NULL, NULL, 401000, 1, 1, 2, '2021-02-03', 'CAMBIO DE MAXIBRAKE', NULL, '1366', NULL, 'MECANICO', 'JOSE', NULL, NULL, NULL),
	(368, 9, '7884', NULL, NULL, 402000, 1, 2, 2, '2021-02-03', 'CAMBIO  BOLSA DE SUSPENSIÓN', NULL, '1367', NULL, 'ELECTRICO', 'RAUL', NULL, NULL, NULL),
	(369, 9, '7885', NULL, NULL, 403000, 1, 1, 1, '2021-02-04', 'REVISIÓN DE ACTUADORES', NULL, '1368', NULL, 'MECANICO', 'JOSE', NULL, NULL, NULL),
	(370, 9, '7885', NULL, NULL, 404000, 1, 1, 1, '2021-02-04', 'REGULACIÓN DE EMBRAGUE', NULL, '1369', NULL, 'ELECTRICO', 'RAUL', NULL, NULL, NULL),
	(371, 9, '7885', NULL, NULL, 405000, 1, 1, 1, '2021-02-04', 'CAMBIO ACEITE DE TRANSMISIÓN', NULL, '1370', NULL, 'MECANICO', 'JOSE', NULL, NULL, NULL),
	(372, 9, '7885', NULL, NULL, 406000, 1, 1, 1, '2021-02-04', 'CAMBIO ACEITE DE DIFERENCIALES', NULL, '1371', NULL, 'ELECTRICO', 'RAUL', NULL, NULL, NULL),
	(373, 9, '7886', NULL, NULL, 407000, 1, 1, 1, '2021-02-04', 'CAMBIO DE 02 VÁLVULAS NIVEL DE CHASIS', NULL, '1372', NULL, 'MECANICO', 'JOSE', NULL, NULL, NULL),
	(374, 9, '7887', NULL, NULL, 408000, 1, 1, 1, '2021-02-04', 'ENGRASE', NULL, '1373', NULL, 'ELECTRICO', 'RAUL', NULL, NULL, NULL),
	(375, 9, '7887', NULL, NULL, 409000, 1, 1, 1, '2021-02-04', 'REGULACIÓN DE EMBRAGUE', NULL, '1374', NULL, 'MECANICO', 'JOSE', NULL, NULL, NULL),
	(376, 9, '7887', NULL, NULL, 410000, 1, 1, 1, '2021-02-04', 'CAMBIO FILTRO DE AIRE', NULL, '1375', NULL, 'ELECTRICO', 'RAUL', NULL, NULL, NULL),
	(377, 9, '7887', NULL, NULL, 411000, 1, 1, 1, '2021-02-04', 'CAMBIO DE CEDAZO', NULL, '1376', NULL, 'MECANICO', 'JOSE', NULL, NULL, NULL),
	(378, 9, '7887', NULL, NULL, 412000, 1, 1, 1, '2021-02-04', 'REGULACIÓN DE EMBRAGUE', NULL, '1377', NULL, 'ELECTRICO', 'RAUL', NULL, NULL, NULL),
	(379, 9, '7887', NULL, NULL, 413000, 1, 1, 1, '2021-02-04', 'CAMBIO ACEITE DE DIFERENCIALES', NULL, '1378', NULL, 'MECANICO', 'JOSE', NULL, NULL, NULL),
	(380, 9, '7887', NULL, NULL, 414000, 1, 1, 1, '2021-02-04', 'CAMBIO ACEITE DE TRANSMISIÓN', NULL, '1379', NULL, 'ELECTRICO', 'RAUL', NULL, NULL, NULL),
	(381, 9, '7888', NULL, NULL, 415000, 1, 1, 1, '2021-02-04', 'ENGRASE', NULL, '1380', NULL, 'MECANICO', 'JOSE', NULL, NULL, NULL),
	(382, 9, '7888', NULL, NULL, 416000, 1, 1, 1, '2021-02-04', 'REGULACIÓN DE FRENOS', NULL, '1381', NULL, 'ELECTRICO', 'RAUL', NULL, NULL, NULL),
	(383, 9, '7889', NULL, NULL, 417000, 1, 1, 1, '2021-02-04', 'ENGRASE', NULL, '1382', NULL, 'MECANICO', 'JOSE', NULL, NULL, NULL),
	(384, 9, '7889', NULL, NULL, 418000, 1, 1, 1, '2021-02-04', 'REVISIÓN DE CEDAZO', NULL, '1383', NULL, 'ELECTRICO', 'RAUL', NULL, NULL, NULL),
	(385, 9, '7889', NULL, NULL, 419000, 1, 1, 1, '2021-02-04', 'LIMPIEZA DE FILTRO DE AIRE', NULL, '1384', NULL, 'MECANICO', 'JOSE', NULL, NULL, NULL),
	(386, 9, '7890', NULL, NULL, 420000, 1, 1, 1, '2021-02-04', 'ENGRASE', NULL, '1385', NULL, 'ELECTRICO', 'RAUL', NULL, NULL, NULL),
	(387, 9, '7891', NULL, NULL, 421000, 1, 2, 1, '2021-02-04', 'REPARACIÓN DE NEUMÁTICO EN RUTA', NULL, '1386', NULL, 'MECANICO', 'JOSE', NULL, NULL, NULL),
	(388, 9, '7892', NULL, NULL, 422000, 1, 2, 1, '2021-02-04', 'REPARACIÓN DE NEUMÁTICO EN RUTA', NULL, '1387', NULL, 'ELECTRICO', 'RAUL', NULL, NULL, NULL),
	(389, 9, '7893', NULL, NULL, 423000, 1, 2, 1, '2021-02-04', 'REPARACIÓN DE NEUMÁTICO EN RUTA', NULL, '1388', NULL, 'MECANICO', 'JOSE', NULL, NULL, NULL),
	(390, 9, '7894', NULL, NULL, 424000, 1, 1, 1, '2021-02-04', 'ENGRASE', NULL, '1389', NULL, 'ELECTRICO', 'RAUL', NULL, NULL, NULL),
	(391, 9, '7894', NULL, NULL, 425000, 1, 1, 1, '2021-02-04', 'REVISIÓN MECANISMO SISTEMA TOLDEO RÁPIDO', NULL, '1390', NULL, 'MECANICO', 'JOSE', NULL, NULL, NULL),
	(392, 9, '7895', NULL, NULL, 426000, 1, 2, 1, '2021-02-04', 'AUXILIO MECÁNICO CAMANÁ', NULL, '1391', NULL, 'ELECTRICO', 'RAUL', NULL, NULL, NULL),
	(393, 9, '7896', NULL, NULL, 427000, 1, 1, 1, '2021-02-05', 'ENGRASE', NULL, '1392', NULL, 'MECANICO', 'JOSE', NULL, NULL, NULL),
	(394, 9, '7896', NULL, NULL, 428000, 1, 1, 1, '2021-02-05', 'CAMBIO DE ACEITE', NULL, '1393', NULL, 'ELECTRICO', 'RAUL', NULL, NULL, NULL),
	(395, 9, '7896', NULL, NULL, 429000, 1, 1, 1, '2021-02-05', 'CAMBIO DE CEDAZO', NULL, '1394', NULL, 'MECANICO', 'JOSE', NULL, NULL, NULL),
	(396, 9, '7897', NULL, NULL, 430000, 1, 1, 1, '2021-02-05', 'ENGRASE', NULL, '1395', NULL, 'ELECTRICO', 'RAUL', NULL, NULL, NULL),
	(397, 9, '7897', NULL, NULL, 431000, 1, 1, 1, '2021-02-05', 'REGULACIÓN DE FRENOS', NULL, '1396', NULL, 'MECANICO', 'JOSE', NULL, NULL, NULL),
	(398, 9, '7898', NULL, NULL, 432000, 1, 1, 1, '2021-02-05', 'CAMBIO DE NEUMÁTICOS DE TRACCIÓN', NULL, '1397', NULL, 'ELECTRICO', 'RAUL', NULL, NULL, NULL),
	(399, 9, '7899', NULL, NULL, 433000, 1, 1, 1, '2021-02-06', 'REVISIÓN PINES Y BUJES DE MUELLE', NULL, '1398', NULL, 'MECANICO', 'JOSE', NULL, NULL, NULL),
	(400, 9, '7900', NULL, NULL, 434000, 1, 1, 1, '2021-02-06', 'IMPLEMENTACIÓN RAMPAS DE CAMABAJA', NULL, '1399', NULL, 'ELECTRICO', 'RAUL', NULL, NULL, NULL),
	(401, 9, '7900', NULL, NULL, 435000, 1, 1, 1, '2021-02-06', 'REVISÓN ARGOLLAS DE ANCLAJE', NULL, '1400', NULL, 'MECANICO', 'JOSE', NULL, NULL, NULL),
	(402, 9, '7901', NULL, NULL, 436000, 1, 1, 1, '2021-02-06', 'IMPLEMENTACIÓN RAMPAS DE CAMABAJA', NULL, '1401', NULL, 'ELECTRICO', 'RAUL', NULL, NULL, NULL),
	(403, 9, '7902', NULL, NULL, 437000, 1, 1, 1, '2021-02-06', 'CAMBIO MANGUERA DE SECADOR', NULL, '1402', NULL, 'MECANICO', 'JOSE', NULL, NULL, NULL),
	(404, 9, '7903', NULL, NULL, 438000, 1, 1, 1, '2021-02-07', 'CAMBIO DE NEUMÁTICOS ', NULL, '1403', NULL, 'ELECTRICO', 'RAUL', NULL, NULL, NULL),
	(405, 9, '7904', NULL, NULL, 439000, 1, 1, 1, '2021-02-08', 'REVISIÓN DE MOTOR', NULL, '1404', NULL, 'MECANICO', 'JOSE', NULL, NULL, NULL),
	(406, 9, '7904', NULL, NULL, 440000, 1, 1, 1, '2021-02-08', 'CAMBIO DE ACEITE', NULL, '1405', NULL, 'ELECTRICO', 'RAUL', NULL, NULL, NULL),
	(407, 9, '7904', NULL, NULL, 441000, 1, 1, 1, '2021-02-08', 'CAMBIO ACTUADOR DE SINCRONIZACIÓN', NULL, '1406', NULL, 'MECANICO', 'JOSE', NULL, NULL, NULL),
	(408, 9, '7904', NULL, NULL, 442000, 1, 1, 1, '2021-02-08', 'CAMBIO ACTUADOR DE DOSIFICACIÓN', NULL, '1407', NULL, 'ELECTRICO', 'RAUL', NULL, NULL, NULL),
	(409, 9, '7904', NULL, NULL, 443000, 1, 1, 1, '2021-02-08', 'CAMBIO BOMBA ELÉCTRICA DE COMBUSTIBLE', NULL, '1408', NULL, 'MECANICO', 'JOSE', NULL, NULL, NULL),
	(410, 9, '7905', NULL, NULL, 444000, 1, 1, 1, '2021-02-08', 'ENGRASE', NULL, '1409', NULL, 'ELECTRICO', 'RAUL', NULL, NULL, NULL),
	(411, 9, '7905', NULL, NULL, 445000, 1, 1, 1, '2021-02-08', 'AUMENTO PRESIONES DE NEUMÁTICOS', NULL, '1410', NULL, 'MECANICO', 'JOSE', NULL, NULL, NULL),
	(412, 9, '7905', NULL, NULL, 446000, 1, 1, 1, '2021-02-08', 'REGULACIÓN DE FRENOS', NULL, '1411', NULL, 'ELECTRICO', 'RAUL', NULL, NULL, NULL),
	(413, 9, '7906', NULL, NULL, 447000, 1, 1, 1, '2021-02-08', 'INSTALACIÓN DE FARO POSTERIOR', NULL, '1412', NULL, 'MECANICO', 'JOSE', NULL, NULL, NULL),
	(414, 9, '7907', NULL, NULL, 448000, 1, 1, 1, '2021-02-08', 'CAMBIO DE ACEITE', NULL, '1413', NULL, 'ELECTRICO', 'RAUL', NULL, NULL, NULL),
	(415, 9, '7907', NULL, NULL, 449000, 1, 1, 1, '2021-02-08', 'ENGRASE', NULL, '1414', NULL, 'MECANICO', 'JOSE', NULL, NULL, NULL),
	(416, 9, '7907', NULL, NULL, 450000, 1, 1, 1, '2021-02-08', 'CAMBIO NEUMÁTICOS DE TRACCIÓN', NULL, '1415', NULL, 'ELECTRICO', 'RAUL', NULL, NULL, NULL),
	(417, 9, '7907', NULL, NULL, 451000, 1, 1, 1, '2021-02-08', 'CAMBIO ZAPATAS DE TRACCIÓN 1RA Y 2DA CORONA', NULL, '1416', NULL, 'MECANICO', 'JOSE', NULL, NULL, NULL),
	(418, 9, '7907', NULL, NULL, 452000, 1, 1, 1, '2021-02-08', 'CAMBIO RETÉN DE RUEDA 1RA CORONA LD', NULL, '1417', NULL, 'ELECTRICO', 'RAUL', NULL, NULL, NULL),
	(419, 9, '7907', NULL, NULL, 453000, 1, 1, 1, '2021-02-08', 'CAMBIO DE RODAJES CBOCAMASA 1RA CORONA LD', NULL, '1418', NULL, 'MECANICO', 'JOSE', NULL, NULL, NULL),
	(420, 9, '7907', NULL, NULL, 454000, 1, 1, 1, '2021-02-08', 'REGULACIÓN DE EMBRAGUE', NULL, '1419', NULL, 'ELECTRICO', 'RAUL', NULL, NULL, NULL),
	(421, 9, '7907', NULL, NULL, 455000, 1, 1, 1, '2021-02-08', 'CAMBIO ACORDEÓN DE ESCAPE', NULL, '1420', NULL, 'MECANICO', 'JOSE', NULL, NULL, NULL),
	(422, 9, '7907', NULL, NULL, 456000, 1, 1, 1, '2021-02-08', 'CAMBIO BUJE DE TEMPLADOR', NULL, '1421', NULL, 'ELECTRICO', 'RAUL', NULL, NULL, NULL),
	(423, 9, '7907', NULL, NULL, 457000, 1, 1, 1, '2021-02-08', 'CAMBIO BUJE DE TEMPLADOR', NULL, '1422', NULL, 'MECANICO', 'JOSE', NULL, NULL, NULL),
	(424, 9, '7908', NULL, NULL, 458000, 1, 2, 1, '2021-02-08', 'REPARACIÓN DE NEUMÁTICO EN RUTA', NULL, '1423', NULL, 'ELECTRICO', 'RAUL', NULL, NULL, NULL),
	(425, 9, '7909', NULL, NULL, 459000, 1, 1, 1, '2021-02-08', 'CAMBIO ACEITE CUBOS DELANTEROS', NULL, '1424', NULL, 'MECANICO', 'JOSE', NULL, NULL, NULL),
	(426, 9, '7909', NULL, NULL, 460000, 1, 1, 1, '2021-02-08', 'CAMBIO TAPA DE CUBO LI', NULL, '1425', NULL, 'ELECTRICO', 'RAUL', NULL, NULL, NULL),
	(427, 9, '7909', NULL, NULL, 461000, 1, 1, 1, '2021-02-08', 'REVISIÓN DE FAROS NEBLINEROS', NULL, '1426', NULL, 'MECANICO', 'JOSE', NULL, NULL, NULL),
	(428, 9, '7910', NULL, NULL, 462000, 1, 1, 1, '2021-02-08', 'CAMBIO DE ACEITE', NULL, '1427', NULL, 'ELECTRICO', 'RAUL', NULL, NULL, NULL),
	(429, 9, '7910', NULL, NULL, 463000, 1, 1, 1, '2021-02-08', 'ENGRASE', NULL, '1428', NULL, 'MECANICO', 'JOSE', NULL, NULL, NULL),
	(430, 9, '7911', NULL, NULL, 464000, 1, 1, 1, '2021-02-08', 'CAMBIO DE ACEITE', NULL, '1429', NULL, 'ELECTRICO', 'RAUL', NULL, NULL, NULL),
	(431, 9, '7911', NULL, NULL, 465000, 1, 1, 1, '2021-02-08', 'ENGRASE', NULL, '1430', NULL, 'MECANICO', 'JOSE', NULL, NULL, NULL),
	(432, 9, '7912', NULL, NULL, 466000, 1, 1, 1, '2021-02-08', 'ENGRASE', NULL, '1431', NULL, 'ELECTRICO', 'RAUL', NULL, NULL, NULL),
	(433, 9, '7912', NULL, NULL, 467000, 1, 1, 1, '2021-02-08', 'REPARACIÓN DE BARANDA LD', NULL, '1432', NULL, 'MECANICO', 'JOSE', NULL, NULL, NULL),
	(434, 9, '7913', NULL, NULL, 468000, 1, 1, 1, '2021-02-09', 'REPARACIÓN DE NEUMÁTICO', NULL, '1433', NULL, 'ELECTRICO', 'RAUL', NULL, NULL, NULL),
	(435, 9, '7914', NULL, NULL, 469000, 1, 2, 1, '2021-02-09', 'REPARACIÓN DE NEUMÁTICO EN RUTA', NULL, '1434', NULL, 'MECANICO', 'JOSE', NULL, NULL, NULL),
	(436, 9, '7915', NULL, NULL, 470000, 1, 2, 1, '2021-02-09', 'REPARACIÓN DE NEUMÁTICO EN RUTA', NULL, '1435', NULL, 'ELECTRICO', 'RAUL', NULL, NULL, NULL),
	(437, 9, '7916', NULL, NULL, 471000, 1, 1, 1, '2021-02-09', 'AUMENTO ACEITE DE MOTOR', NULL, '1436', NULL, 'MECANICO', 'JOSE', NULL, NULL, NULL),
	(438, 9, '7917', NULL, NULL, 472000, 1, 1, 1, '2021-02-09', 'CAMBIO DE ACEITE', NULL, '1437', NULL, 'ELECTRICO', 'RAUL', NULL, NULL, NULL),
	(439, 9, '7918', NULL, NULL, 473000, 1, 1, 1, '2021-02-10', 'CAMBIO DE ACEITE', NULL, '1438', NULL, 'MECANICO', 'JOSE', NULL, NULL, NULL),
	(440, 9, '7919', NULL, NULL, 474000, 1, 1, 1, '2021-02-10', 'CAMBIO ACEITE DE DIFERENCIALES', NULL, '1439', NULL, 'ELECTRICO', 'RAUL', NULL, NULL, NULL),
	(441, 9, '7919', NULL, NULL, 475000, 1, 1, 1, '2021-02-10', 'CAMBIO ACEITE DE TRANSMISIÓN', NULL, '1440', NULL, 'MECANICO', 'JOSE', NULL, NULL, NULL),
	(442, 9, '7919', NULL, NULL, 476000, 1, 1, 1, '2021-02-10', 'ENGRASE', NULL, '1441', NULL, 'ELECTRICO', 'RAUL', NULL, NULL, NULL),
	(443, 9, '7920', NULL, NULL, 477000, 1, 1, 1, '2021-02-10', 'ENGRASE', NULL, '1442', NULL, 'MECANICO', 'JOSE', NULL, NULL, NULL),
	(444, 9, '7921', NULL, NULL, 478000, 1, 2, 1, '2021-02-10', 'REPARACIÓN SISTEMA TOLDEO RAPIDO', NULL, '1443', NULL, 'ELECTRICO', 'RAUL', NULL, NULL, NULL),
	(445, 9, '7922', NULL, NULL, 479000, 1, 2, 1, '2021-02-10', 'REPARACIÓN DE PLATAFORMA', NULL, '1444', NULL, 'MECANICO', 'JOSE', NULL, NULL, NULL),
	(446, 9, '7923', NULL, NULL, 480000, 1, 1, 1, '2021-02-10', 'REPARACIÓN SISTEMA TOLDEO RAPIDO', NULL, '1445', NULL, 'ELECTRICO', 'RAUL', NULL, NULL, NULL),
	(447, 9, '7923', NULL, NULL, 481000, 1, 1, 1, '2021-02-10', 'ENGRASE', NULL, '1446', NULL, 'MECANICO', 'JOSE', NULL, NULL, NULL),
	(448, 9, '7923', NULL, NULL, 482000, 1, 1, 1, '2021-02-10', 'REVISIÓN DE BARANDAS', NULL, '1447', NULL, 'ELECTRICO', 'RAUL', NULL, NULL, NULL),
	(449, 9, '7923', NULL, NULL, 483000, 1, 1, 1, '2021-02-10', 'REVISIÓN DE BARANDAS', NULL, '1448', NULL, 'MECANICO', 'JOSE', NULL, NULL, NULL),
	(450, 9, '7924', NULL, NULL, 484000, 1, 1, 1, '2021-02-11', 'CAMBIO DE ACEITE', NULL, '1449', NULL, 'ELECTRICO', 'RAUL', NULL, NULL, NULL),
	(451, 9, '7924', NULL, NULL, 485000, 1, 1, 1, '2021-02-11', 'ENGRASE', NULL, '1450', NULL, 'MECANICO', 'JOSE', NULL, NULL, NULL),
	(452, 9, '7924', NULL, NULL, 486000, 1, 1, 1, '2021-02-11', 'CAMBIO FILTRO DE AIRE', NULL, '1451', NULL, 'ELECTRICO', 'RAUL', NULL, NULL, NULL),
	(453, 9, '7925', NULL, NULL, 487000, 1, 1, 1, '2021-02-11', 'ENGRACE TOTAL', NULL, '1452', NULL, 'MECANICO', 'JOSE', NULL, NULL, NULL),
	(454, 9, '7926', NULL, NULL, 488000, 1, 1, 1, '2021-02-11', 'ENGRACE TOTAL', NULL, '1453', NULL, 'ELECTRICO', 'RAUL', NULL, NULL, NULL),
	(455, 9, '7926', NULL, NULL, 489000, 1, 1, 1, '2021-02-11', 'CAMBIO NEUMÁTICOS DELANTEROS', NULL, '1454', NULL, 'MECANICO', 'JOSE', NULL, NULL, NULL),
	(456, 9, '7926', NULL, NULL, 490000, 1, 1, 1, '2021-02-11', 'CAMBIO MAXIBRAKE 1RA CORONA LD', NULL, '1455', NULL, 'ELECTRICO', 'RAUL', NULL, NULL, NULL),
	(457, 9, '7927', NULL, NULL, 491000, 1, 1, 1, '2021-02-11', 'CAMBIO PINES Y BUJES DE MUELLE DELANTERO LD', NULL, '1456', NULL, 'MECANICO', 'JOSE', NULL, NULL, NULL),
	(458, 9, '7927', NULL, NULL, 492000, 1, 1, 1, '2021-02-11', 'CAMBIO NEUMÁTICOS DELANTEROS', NULL, '1457', NULL, 'ELECTRICO', 'RAUL', NULL, NULL, NULL),
	(459, 9, '7927', NULL, NULL, 493000, 1, 1, 1, '2021-02-11', 'PINTADO DE CHASIS Y MOTOR', NULL, '1458', NULL, 'MECANICO', 'JOSE', NULL, NULL, NULL),
	(460, 9, '7927', NULL, NULL, 494000, 1, 1, 1, '2021-02-11', 'CAMBIO ACEITE DE TRANSMISIÓN', NULL, '1459', NULL, 'ELECTRICO', 'RAUL', NULL, NULL, NULL),
	(461, 9, '7927', NULL, NULL, 495000, 1, 1, 1, '2021-02-11', 'CAMBIO ACEITE DE DIFERENCIALES', NULL, '1460', NULL, 'MECANICO', 'JOSE', NULL, NULL, NULL),
	(462, 9, '7927', NULL, NULL, 496000, 1, 1, 1, '2021-02-11', 'CAMBIO RETÉN DE RUEDA DELANTERA LI', NULL, '1461', NULL, 'ELECTRICO', 'RAUL', NULL, NULL, NULL),
	(463, 9, '7927', NULL, NULL, 497000, 1, 1, 1, '2021-02-11', 'CAMBIO ACEITE CUBOS DELANTEROS', NULL, '1462', NULL, 'MECANICO', 'JOSE', NULL, NULL, NULL),
	(464, 9, '7928', NULL, NULL, 498000, 1, 1, 1, '2021-02-11', 'CAMBIO TAPA DE COMBUSTIBLE ', NULL, '1463', NULL, 'ELECTRICO', 'RAUL', NULL, NULL, NULL),
	(465, 9, '7928', NULL, NULL, 499000, 1, 1, 1, '2021-02-11', 'CAMBIO GANCHO DE CAPOT LD', NULL, '1464', NULL, 'MECANICO', 'JOSE', NULL, NULL, NULL),
	(466, 9, '7929', NULL, NULL, 500000, 1, 1, 1, '2021-02-11', 'CAMBIO ARGOLLA DE ANCLAJE', NULL, '1465', NULL, 'ELECTRICO', 'RAUL', NULL, NULL, NULL),
	(467, 9, '7929', NULL, NULL, 501000, 1, 1, 1, '2021-02-11', 'REVISIÓN DE LUCES', NULL, '1466', NULL, 'MECANICO', 'JOSE', NULL, NULL, NULL),
	(468, 9, '7929', NULL, NULL, 502000, 1, 1, 1, '2021-02-11', 'PINTADO DE UNIDAD', NULL, '1467', NULL, 'ELECTRICO', 'RAUL', NULL, NULL, NULL),
	(469, 9, '7929', NULL, NULL, 503000, 1, 1, 1, '2021-02-11', 'CAMBIO DE ZAPATAS DE FRENOS 1ER EJE', NULL, '1468', NULL, 'MECANICO', 'JOSE', NULL, NULL, NULL),
	(470, 9, '7929', NULL, NULL, 504000, 1, 1, 1, '2021-02-11', 'CAMBIO DE RODAJES', NULL, '1469', NULL, 'ELECTRICO', 'RAUL', NULL, NULL, NULL),
	(471, 9, '7929', NULL, NULL, 505000, 1, 1, 1, '2021-02-11', 'CAMBIO GRASA DE BOCAMASAS 1ER, 2DO Y 3ER EJE', NULL, '1470', NULL, 'MECANICO', 'JOSE', NULL, NULL, NULL),
	(472, 9, '7929', NULL, NULL, 506000, 1, 1, 1, '2021-02-11', 'CAMBIO DE NEUMÁTICOS 1ER Y 3ER EJE', NULL, '1471', NULL, 'ELECTRICO', 'RAUL', NULL, NULL, NULL),
	(473, 9, '7929', NULL, NULL, 507000, 1, 1, 1, '2021-02-11', 'MANTENIMIENTO SOPORTE DE APOYO', NULL, '1472', NULL, 'MECANICO', 'JOSE', NULL, NULL, NULL),
	(474, 9, '7929', NULL, NULL, 508000, 1, 1, 1, '2021-02-11', 'CAMBIO DE PATINES DE MUELLES', NULL, '1473', NULL, 'ELECTRICO', 'RAUL', NULL, NULL, NULL),
	(475, 9, '7930', NULL, NULL, 509000, 1, 1, 1, '2021-02-11', 'REVISIÓN DE MANIJA PUERTA LI', NULL, '1474', NULL, 'MECANICO', 'JOSE', NULL, NULL, NULL),
	(476, 9, '7931', NULL, NULL, 510000, 1, 1, 1, '2021-02-11', 'CAMBIO DE ACEITE', NULL, '1475', NULL, 'ELECTRICO', 'RAUL', NULL, NULL, NULL),
	(477, 9, '7931', NULL, NULL, 511000, 1, 1, 1, '2021-02-11', 'ENGRASE', NULL, '1476', NULL, 'MECANICO', 'JOSE', NULL, NULL, NULL),
	(478, 9, '7932', NULL, NULL, 512000, 1, 1, 1, '2021-02-12', 'ENGRASE', NULL, '1477', NULL, 'ELECTRICO', 'RAUL', NULL, NULL, NULL),
	(479, 9, '7932', NULL, NULL, 513000, 1, 1, 1, '2021-02-12', 'CAMBIO DE ACEITE', NULL, '1478', NULL, 'MECANICO', 'JOSE', NULL, NULL, NULL),
	(480, 9, '7932', NULL, NULL, 514000, 1, 1, 1, '2021-02-12', 'CAMBIO DE CEDAZO', NULL, '1479', NULL, 'ELECTRICO', 'RAUL', NULL, NULL, NULL),
	(481, 9, '7933', NULL, NULL, 515000, 1, 1, 1, '2021-02-12', 'REPARACIÓN DE PLATAFORMA', NULL, '1480', NULL, 'MECANICO', 'JOSE', NULL, NULL, NULL),
	(482, 9, '7933', NULL, NULL, 516000, 1, 1, 1, '2021-02-12', 'ENGRASE', NULL, '1481', NULL, 'ELECTRICO', 'RAUL', NULL, NULL, NULL),
	(483, 9, '7933', NULL, NULL, 517000, 1, 1, 1, '2021-02-12', 'REPARACIÓN DE NEUMÁTICO', NULL, '1482', NULL, 'MECANICO', 'JOSE', NULL, NULL, NULL),
	(484, 9, '7934', NULL, NULL, 518000, 1, 1, 1, '2021-02-12', 'ENGRASE', NULL, '1483', NULL, 'ELECTRICO', 'RAUL', NULL, NULL, NULL),
	(485, 9, '7934', NULL, NULL, 519000, 1, 1, 1, '2021-02-12', 'ROTACIÓN DE NEUMÁTICOS', NULL, '1484', NULL, 'MECANICO', 'JOSE', NULL, NULL, NULL),
	(486, 9, '7935', NULL, NULL, 520000, 1, 2, 1, '2021-02-12', 'REPARACIÓN DE NEUMÁTICO EN RUTA', NULL, '1485', NULL, 'ELECTRICO', 'RAUL', NULL, NULL, NULL),
	(487, 9, '7936', NULL, NULL, 521000, 1, 2, 1, '2021-02-12', 'REPARACION DE NEUMÁTICO EN RUTA', NULL, '1486', NULL, 'MECANICO', 'JOSE', NULL, NULL, NULL),
	(488, 9, '7937', NULL, NULL, 522000, 1, 1, 1, '2021-02-12', 'ENGRASE', NULL, '1487', NULL, 'ELECTRICO', 'RAUL', NULL, NULL, NULL),
	(489, 9, '7937', NULL, NULL, 523000, 1, 1, 1, '2021-02-12', 'AUMENTO DE REFRIGERANTE', NULL, '1488', NULL, 'MECANICO', 'JOSE', NULL, NULL, NULL),
	(490, 9, '7938', NULL, NULL, 524000, 1, 1, 1, '2021-02-12', 'REVISIÓN DE MALACATES', NULL, '1489', NULL, 'ELECTRICO', 'RAUL', NULL, NULL, NULL),
	(491, 9, '7938', NULL, NULL, 525000, 1, 1, 1, '2021-02-12', 'ENGRASE', NULL, '1490', NULL, 'MECANICO', 'JOSE', NULL, NULL, NULL),
	(492, 9, '7939', NULL, NULL, 526000, 1, 1, 1, '2021-02-12', 'AUMENTO ACEITE DE MOTOR', NULL, '1491', NULL, 'ELECTRICO', 'RAUL', NULL, NULL, NULL),
	(493, 9, '7940', NULL, NULL, 527000, 1, 1, 1, '2021-02-13', 'CAMBIO DE ACEITE', NULL, '1492', NULL, 'MECANICO', 'JOSE', NULL, NULL, NULL),
	(494, 9, '7940', NULL, NULL, 528000, 1, 1, 1, '2021-02-13', 'AUMENTO DE UREA', NULL, '1493', NULL, 'ELECTRICO', 'RAUL', NULL, NULL, NULL),
	(495, 9, '7940', NULL, NULL, 529000, 1, 1, 1, '2021-02-13', 'REVISION POR FUGA DE ACEITE', NULL, '1494', NULL, 'MECANICO', 'JOSE', NULL, NULL, NULL),
	(496, 9, '7940', NULL, NULL, 530000, 1, 1, 1, '2021-02-13', 'ENGRASE', NULL, '1495', NULL, 'ELECTRICO', 'RAUL', NULL, NULL, NULL),
	(497, 9, '7940', NULL, NULL, 531000, 1, 1, 1, '2021-02-13', 'REVISION DE FILTRO DE AIRE', NULL, '1496', NULL, 'MECANICO', 'JOSE', NULL, NULL, NULL),
	(498, 9, '7940', NULL, NULL, 532000, 1, 1, 1, '2021-02-13', 'REVISION DE NEUMÁTICOS', NULL, '1497', NULL, 'ELECTRICO', 'RAUL', NULL, NULL, NULL),
	(499, 9, '7941', NULL, NULL, 533000, 1, 1, 1, '2021-02-13', 'ROTACIÓN DE NEUMATICOS', NULL, '1498', NULL, 'MECANICO', 'JOSE', NULL, NULL, NULL),
	(500, 9, '7942', NULL, NULL, 534000, 1, 1, 1, '2021-02-13', 'REPARACION DE NEUMATICO P.12', NULL, '1499', NULL, 'ELECTRICO', 'RAUL', NULL, NULL, NULL),
	(501, 9, '7942', NULL, NULL, 535000, 1, 1, 1, '2021-02-13', 'REGULACIÓN DE FRENOS', NULL, '1500', NULL, 'MECANICO', 'JOSE', NULL, NULL, NULL),
	(502, 9, '7943', NULL, NULL, 536000, 1, 1, 1, '2021-02-13', 'ROTACIÓN DE NEUMATICOS', NULL, '1501', NULL, 'ELECTRICO', 'RAUL', NULL, NULL, NULL),
	(503, 9, '7943', NULL, NULL, 537000, 1, 1, 1, '2021-02-13', 'REGULACIÓN DE FRENOS', NULL, '1502', NULL, 'MECANICO', 'JOSE', NULL, NULL, NULL),
	(504, 9, '7944', NULL, NULL, 538000, 1, 2, 1, '2021-02-13', 'REPARACIÓN DE TANQUE DE AIRE', NULL, '1503', NULL, 'ELECTRICO', 'RAUL', NULL, NULL, NULL),
	(505, 9, '7945', NULL, NULL, 539000, 1, 1, 1, '2021-02-13', 'ENGRACE TOTAL', NULL, '1504', NULL, 'MECANICO', 'JOSE', NULL, NULL, NULL),
	(506, 9, '7946', NULL, NULL, 540000, 1, 1, 1, '2021-02-13', 'REGULACION DE FRENOS', NULL, '1505', NULL, 'ELECTRICO', 'RAUL', NULL, NULL, NULL),
	(507, 9, '7947', NULL, NULL, 541000, 1, 1, 1, '2021-02-13', 'IMPLEMENTACIÓN DE LINEA DE VIDA', NULL, '1506', NULL, 'MECANICO', 'JOSE', NULL, NULL, NULL),
	(508, 9, '7948', NULL, NULL, 542000, 1, 1, 1, '2021-02-13', 'CAMBIO DE MANGUERAS ROJO/AZUL', NULL, '1507', NULL, 'ELECTRICO', 'RAUL', NULL, NULL, NULL),
	(509, 9, '7949', NULL, NULL, 543000, 1, 2, 1, '2021-02-13', 'REVISIÓN DE MALACATES', NULL, '1508', NULL, 'MECANICO', 'JOSE', NULL, NULL, NULL),
	(510, 9, '7949', NULL, NULL, 544000, 1, 2, 1, '2021-02-13', 'CAMBIO DE PERNO DE CAJA DE HERRAMIENTAS', NULL, '1509', NULL, 'ELECTRICO', 'RAUL', NULL, NULL, NULL),
	(511, 9, '7950', NULL, NULL, 545000, 1, 1, 1, '2021-02-13', 'CAMBIO DE FAROS NEBLINEROS', NULL, '1510', NULL, 'MECANICO', 'JOSE', NULL, NULL, NULL),
	(512, 9, '7951', NULL, NULL, 546000, 1, 1, 1, '2021-02-15', 'CAMBIO RETÉN DE RUEDA 2DA CORONA LD', NULL, '1511', NULL, 'ELECTRICO', 'RAUL', NULL, NULL, NULL),
	(513, 9, '7951', NULL, NULL, 547000, 1, 1, 1, '2021-02-15', 'REVISIÓN DE REENVÍO', NULL, '1512', NULL, 'MECANICO', 'JOSE', NULL, NULL, NULL),
	(514, 9, '7951', NULL, NULL, 548000, 1, 1, 1, '2021-02-15', 'CAMBIO RETÉN DE RUEDA 1RA CORONA LI', NULL, '1513', NULL, 'ELECTRICO', 'RAUL', NULL, NULL, NULL),
	(515, 9, '7951', NULL, NULL, 549000, 1, 1, 1, '2021-02-15', 'CAMBIO RETÉN DE RUEDA 1RA CORONA LD', NULL, '1514', NULL, 'MECANICO', 'JOSE', NULL, NULL, NULL),
	(516, 9, '7951', NULL, NULL, 550000, 1, 1, 1, '2021-02-15', 'CAMBIO TAPA DE CUBO LI', NULL, '1515', NULL, 'ELECTRICO', 'RAUL', NULL, NULL, NULL),
	(517, 9, '7952', NULL, NULL, 551000, 1, 1, 1, '2021-02-15', 'REVISION DE GRASERAS', NULL, '1516', NULL, 'MECANICO', 'JOSE', NULL, NULL, NULL),
	(518, 9, '7952', NULL, NULL, 552000, 1, 1, 1, '2021-02-15', 'REPARACIÓN DE PUERTA LATERAL LI', NULL, '1517', NULL, 'ELECTRICO', 'RAUL', NULL, NULL, NULL),
	(519, 9, '7953', NULL, NULL, 553000, 1, 1, 1, '2021-02-15', 'AUMENTO DE REFRIGERANTE', NULL, '1518', NULL, 'MECANICO', 'JOSE', NULL, NULL, NULL),
	(520, 9, '7953', NULL, NULL, 554000, 1, 1, 1, '2021-02-15', 'AUMENTO ACEITE DE MOTOR', NULL, '1519', NULL, 'ELECTRICO', 'RAUL', NULL, NULL, NULL),
	(521, 9, '7953', NULL, NULL, 555000, 1, 1, 1, '2021-02-15', 'REPARACIÓN DE NEUMÁTICO', NULL, '1520', NULL, 'MECANICO', 'JOSE', NULL, NULL, NULL),
	(522, 9, '7954', NULL, NULL, 556000, 1, 1, 1, '2021-02-15', 'REPARACIÓN DE SEGURO DE PARANTES', NULL, '1521', NULL, 'ELECTRICO', 'RAUL', NULL, NULL, NULL),
	(523, 9, '7954', NULL, NULL, 557000, 1, 1, 1, '2021-02-15', 'REPARACIÓN DE NEUMÁTICO', NULL, '1522', NULL, 'MECANICO', 'JOSE', NULL, NULL, NULL),
	(524, 9, '7955', NULL, NULL, 558000, 1, 1, 1, '2021-02-15', 'ENGRASE', NULL, '1523', NULL, 'ELECTRICO', 'RAUL', NULL, NULL, NULL),
	(525, 9, '7955', NULL, NULL, 559000, 1, 1, 1, '2021-02-15', 'IMPLEMENTACIÓN DE LINEA DE VIDA', NULL, '1524', NULL, 'MECANICO', 'JOSE', NULL, NULL, NULL),
	(526, 9, '7956', NULL, NULL, 560000, 1, 1, 1, '2021-02-16', 'REVISIÓN DE PIÑAS', NULL, '1525', NULL, 'ELECTRICO', 'RAUL', NULL, NULL, NULL),
	(527, 9, '7956', NULL, NULL, 561000, 1, 1, 1, '2021-02-16', 'REPARACIÓN DE BARANDAS', NULL, '1526', NULL, 'MECANICO', 'JOSE', NULL, NULL, NULL),
	(528, 9, '7957', NULL, NULL, 562000, 1, 1, 1, '2021-02-16', 'REVISIÓN DE PIÑAS', NULL, '1527', NULL, 'ELECTRICO', 'RAUL', NULL, NULL, NULL),
	(529, 9, '7957', NULL, NULL, 563000, 1, 1, 1, '2021-02-16', 'REPARACIÓN RODILLO TOLDEO RÁPIDO', NULL, '1528', NULL, 'MECANICO', 'JOSE', NULL, NULL, NULL),
	(530, 9, '7958', NULL, NULL, 564000, 1, 1, 1, '2021-02-16', 'CAMBIO DE BATERIAS', NULL, '1529', NULL, 'ELECTRICO', 'RAUL', NULL, NULL, NULL),
	(531, 9, '7958', NULL, NULL, 565000, 1, 1, 1, '2021-02-16', 'AUXILIO MECÁNICO KM48', NULL, '1530', NULL, 'MECANICO', 'JOSE', NULL, NULL, NULL),
	(532, 9, '7959', NULL, NULL, 566000, 1, 1, 1, '2021-02-16', 'CAMBIO GRASA DE BOCAMASAS', NULL, '1531', NULL, 'ELECTRICO', 'RAUL', NULL, NULL, NULL),
	(533, 9, '7959', NULL, NULL, 567000, 1, 1, 1, '2021-02-16', 'PINTADO DE UNIDAD', NULL, '1532', NULL, 'MECANICO', 'JOSE', NULL, NULL, NULL),
	(534, 9, '7959', NULL, NULL, 568000, 1, 1, 1, '2021-02-16', 'FABRICACIÓN DE BARANDAS', NULL, '1533', NULL, 'ELECTRICO', 'RAUL', NULL, NULL, NULL),
	(535, 9, '7959', NULL, NULL, 569000, 1, 1, 1, '2021-02-16', 'FABRICACIÓN DE TOLDERA TOLDEO RÁPIDO', NULL, '1534', NULL, 'MECANICO', 'JOSE', NULL, NULL, NULL),
	(536, 9, '7959', NULL, NULL, 570000, 1, 1, 1, '2021-02-16', 'FABRICACIÓN DE GOLES', NULL, '1535', NULL, 'ELECTRICO', 'RAUL', NULL, NULL, NULL),
	(537, 9, '7959', NULL, NULL, 571000, 1, 1, 1, '2021-02-16', 'CAMBIO ZAPATAS DE FRENOS', NULL, '1536', NULL, 'MECANICO', 'JOSE', NULL, NULL, NULL),
	(538, 9, '7959', NULL, NULL, 572000, 1, 1, 1, '2021-02-16', 'CAMBIO DE PULPO DE FRENOS', NULL, '1537', NULL, 'ELECTRICO', 'RAUL', NULL, NULL, NULL),
	(539, 9, '7959', NULL, NULL, 573000, 1, 1, 1, '2021-02-16', 'CAMBIO CABLEADO ELÉCTRICO', NULL, '1538', NULL, 'MECANICO', 'JOSE', NULL, NULL, NULL),
	(540, 9, '7959', NULL, NULL, 574000, 1, 1, 1, '2021-02-16', 'CAMBIO FAROS DE LA CARRETA', NULL, '1539', NULL, 'ELECTRICO', 'RAUL', NULL, NULL, NULL),
	(541, 9, '7959', NULL, NULL, 575000, 1, 1, 1, '2021-02-16', 'CAMBIO DE GUARDAFANGOS ', NULL, '1540', NULL, 'MECANICO', 'JOSE', NULL, NULL, NULL),
	(542, 9, '7959', NULL, NULL, 576000, 1, 1, 1, '2021-02-16', 'CAMBIO NEUMÁTICOS', NULL, '1541', NULL, 'ELECTRICO', 'RAUL', NULL, NULL, NULL),
	(543, 9, '7959', NULL, NULL, 577000, 1, 1, 1, '2021-02-16', 'ENGRASE', NULL, '1542', NULL, 'MECANICO', 'JOSE', NULL, NULL, NULL),
	(544, 9, '7960', NULL, NULL, 578000, 1, 1, 1, '2021-02-16', 'DESMONTAJE RAMPAS DE MODULAR', NULL, '1543', NULL, 'ELECTRICO', 'RAUL', NULL, NULL, NULL),
	(545, 9, '7960', NULL, NULL, 579000, 1, 1, 1, '2021-02-16', 'REVISIÓN DE LUCES', NULL, '1544', NULL, 'MECANICO', 'JOSE', NULL, NULL, NULL),
	(546, 9, '7960', NULL, NULL, 580000, 1, 1, 1, '2021-02-16', 'INSPECCIÓN DE NEUMÁTICOS', NULL, '1545', NULL, 'ELECTRICO', 'RAUL', NULL, NULL, NULL),
	(547, 9, '7960', NULL, NULL, 581000, 1, 1, 1, '2021-02-16', 'REPARACIÓN DE NEUMÁTICOS', NULL, '1546', NULL, 'MECANICO', 'JOSE', NULL, NULL, NULL),
	(548, 9, '7961', NULL, NULL, 582000, 1, 1, 1, '2021-02-16', 'PINTADO DE UNIDAD', NULL, '1547', NULL, 'ELECTRICO', 'RAUL', NULL, NULL, NULL),
	(549, 9, '7962', NULL, NULL, 583000, 1, 1, 1, '2021-02-17', 'CAMBIO NEUMÁTICOS DE TRACCIÓN', NULL, '1548', NULL, 'MECANICO', 'JOSE', NULL, NULL, NULL),
	(550, 9, '7962', NULL, NULL, 584000, 1, 1, 1, '2021-02-17', 'AUMENTO LIQUIDO LIMPIAPARABRISAS', NULL, '1549', NULL, 'ELECTRICO', 'RAUL', NULL, NULL, NULL),
	(551, 9, '7963', NULL, NULL, 585000, 1, 1, 1, '2021-02-17', 'REVISIÓN DE LUCES', NULL, '1550', NULL, 'MECANICO', 'JOSE', NULL, NULL, NULL),
	(552, 9, '7963', NULL, NULL, 586000, 1, 1, 1, '2021-02-17', 'AUMENTO PRESIONES DE NEUMÁTICOS', NULL, '1551', NULL, 'ELECTRICO', 'RAUL', NULL, NULL, NULL),
	(553, 9, '7964', NULL, NULL, 587000, 1, 1, 1, '2021-02-17', 'AUMENTO ACEITE DE MOTOR', NULL, '1552', NULL, 'MECANICO', 'JOSE', NULL, NULL, NULL),
	(554, 9, '7964', NULL, NULL, 588000, 1, 1, 1, '2021-02-17', 'CAMBIO CABLE ELECTRICO VERDE', NULL, '1553', NULL, 'ELECTRICO', 'RAUL', NULL, NULL, NULL),
	(555, 9, '7965', NULL, NULL, 589000, 1, 1, 1, '2021-02-17', 'AUMENTO ACEITE DE MOTOR', NULL, '1554', NULL, 'MECANICO', 'JOSE', NULL, NULL, NULL),
	(556, 9, '7965', NULL, NULL, 590000, 1, 1, 1, '2021-02-17', 'REVISIÓN DE LUCES', NULL, '1555', NULL, 'ELECTRICO', 'RAUL', NULL, NULL, NULL),
	(557, 9, '7966', NULL, NULL, 591000, 1, 1, 1, '2021-02-17', 'REPARACIÓN DE BARANDAS', NULL, '1556', NULL, 'MECANICO', 'JOSE', NULL, NULL, NULL),
	(558, 9, '7966', NULL, NULL, 592000, 1, 1, 1, '2021-02-17', 'ROTACIÓN DE NEUMATICOS', NULL, '1557', NULL, 'ELECTRICO', 'RAUL', NULL, NULL, NULL),
	(559, 9, '7966', NULL, NULL, 593000, 1, 1, 1, '2021-02-17', 'REVISIÓN DE LUCES', NULL, '1558', NULL, 'MECANICO', 'JOSE', NULL, NULL, NULL),
	(560, 9, '7967', NULL, NULL, 594000, 1, 1, 1, '2021-02-18', 'CAMBIO MANGUERAS ROJO Y AZUL', NULL, '1559', NULL, 'ELECTRICO', 'RAUL', NULL, NULL, NULL),
	(561, 9, '7968', NULL, NULL, 595000, 1, 1, 1, '2021-02-18', 'AUMENTO DE REFRIGERANTE', NULL, '1560', NULL, 'MECANICO', 'JOSE', NULL, NULL, NULL),
	(562, 23, '7969', NULL, NULL, 596000, 1, 1, 1, '2021-02-18', 'CAMBIO DE ACEITE', NULL, '1561', NULL, 'ELECTRICO', 'RAUL', NULL, NULL, NULL),
	(563, 23, '7969', NULL, NULL, 597000, 1, 1, 1, '2021-02-18', 'ENGRASE', NULL, '1562', NULL, 'MECANICO', 'JOSE', NULL, NULL, NULL),
	(564, 23, '7970', NULL, NULL, 598000, 1, 1, 1, '2021-02-18', 'AUMENTO DE UREA', NULL, '1563', NULL, 'ELECTRICO', 'RAUL', NULL, NULL, NULL),
	(565, 23, '7970', NULL, NULL, 599000, 1, 1, 1, '2021-02-18', 'LIMPIEZA DE FILTRO DE AIRE', NULL, '1564', NULL, 'MECANICO', 'JOSE', NULL, NULL, NULL),
	(566, 23, '7971', NULL, NULL, 600000, 1, 1, 1, '2021-02-18', 'RAMPAS DE CAMABAJA', NULL, '1565', NULL, 'ELECTRICO', 'RAUL', NULL, NULL, NULL),
	(567, 23, '7971', NULL, NULL, 601000, 1, 1, 1, '2021-02-18', 'INSPECCIÓN DE NEUMÁTICOS', NULL, '1566', NULL, 'MECANICO', 'JOSE', NULL, NULL, NULL),
	(568, 23, '7972', NULL, NULL, 602000, 1, 1, 1, '2021-02-18', 'CAMBIO ACEITE DE TRANSMISIÓN', NULL, '1567', NULL, 'ELECTRICO', 'RAUL', NULL, NULL, NULL),
	(569, 23, '7972', NULL, NULL, 603000, 1, 1, 1, '2021-02-18', 'CAMBIO ACEITE DE DIFERENCIALES', NULL, '1568', NULL, 'MECANICO', 'JOSE', NULL, NULL, NULL),
	(570, 23, '7972', NULL, NULL, 604000, 1, 1, 1, '2021-02-18', 'CAMBIO O-RINGS DE SUPERMARCHA', NULL, '1569', NULL, 'ELECTRICO', 'RAUL', NULL, NULL, NULL),
	(571, 23, '7972', NULL, NULL, 605000, 1, 1, 1, '2021-02-18', 'CAMBIO DE TAPABARROS DELANTEROS', NULL, '1570', NULL, 'MECANICO', 'JOSE', NULL, NULL, NULL),
	(572, 23, '7973', NULL, NULL, 606000, 1, 1, 1, '2021-02-19', 'AUMENTO ACEITE DE MOTOR', NULL, '1571', NULL, 'ELECTRICO', 'RAUL', NULL, NULL, NULL),
	(573, 23, '7974', NULL, NULL, 607000, 1, 1, 1, '2021-02-19', 'REPARACIÓN DE NEUMÁTICO', NULL, '1572', NULL, 'MECANICO', 'JOSE', NULL, NULL, NULL),
	(574, 23, '7974', NULL, NULL, 608000, 1, 1, 1, '2021-02-19', 'INSPECCIÓN DE NEUMÁTICOS', NULL, '1573', NULL, 'ELECTRICO', 'RAUL', NULL, NULL, NULL),
	(575, 23, '7975', NULL, NULL, 609000, 1, 1, 1, '2021-02-19', 'REVISIÓN DE UNIDAD', NULL, '1574', NULL, 'MECANICO', 'JOSE', NULL, NULL, NULL),
	(576, 23, '7975', NULL, NULL, 610000, 1, 1, 1, '2021-02-19', 'CAMBIO SENSOR EJE DE BALANCINES', NULL, '1575', NULL, 'ELECTRICO', 'RAUL', NULL, NULL, NULL),
	(577, 23, '7976', NULL, NULL, 611000, 1, 1, 1, '2021-02-19', 'CAMBIO DE ACEITE', NULL, '1576', NULL, 'MECANICO', 'JOSE', NULL, NULL, NULL),
	(578, 23, '7976', NULL, NULL, 612000, 1, 1, 1, '2021-02-19', 'ENGRASE', NULL, '1577', NULL, 'ELECTRICO', 'RAUL', NULL, NULL, NULL),
	(579, 23, '7977', NULL, NULL, 613000, 1, 1, 1, '2021-02-19', 'ENGRASE', NULL, '1578', NULL, 'MECANICO', 'JOSE', NULL, NULL, NULL),
	(580, 23, '7978', NULL, NULL, 614000, 1, 1, 1, '2021-02-19', 'CAMBIO DE ACEITE', NULL, '1579', NULL, 'ELECTRICO', 'RAUL', NULL, NULL, NULL),
	(581, 23, '7978', NULL, NULL, 615000, 1, 1, 1, '2021-02-19', 'ENGRASE', NULL, '1580', NULL, 'MECANICO', 'JOSE', NULL, NULL, NULL),
	(582, 23, '7979', NULL, NULL, 616000, 1, 1, 1, '2021-02-19', 'ENGRASE', NULL, '1581', NULL, 'ELECTRICO', 'RAUL', NULL, NULL, NULL),
	(583, 23, '7979', NULL, NULL, 617000, 1, 1, 1, '2021-02-19', 'CAMBIO DE ACEITE', NULL, '1582', NULL, 'MECANICO', 'JOSE', NULL, NULL, NULL),
	(584, 23, '7979', NULL, NULL, 618000, 1, 1, 1, '2021-02-19', 'CAMBIO FILTRO DE AIRE', NULL, '1583', NULL, 'ELECTRICO', 'RAUL', NULL, NULL, NULL),
	(585, 23, '7980', NULL, NULL, 619000, 1, 1, 1, '2021-02-20', 'CAMBIO DE ACEITE', NULL, '1584', NULL, 'MECANICO', 'JOSE', NULL, NULL, NULL),
	(586, 23, '7980', NULL, NULL, 620000, 1, 1, 1, '2021-02-20', 'ENGRASE', NULL, '1585', NULL, 'ELECTRICO', 'RAUL', NULL, NULL, NULL),
	(587, 23, '7981', NULL, NULL, 621000, 1, 1, 1, '2021-02-20', 'DESMONTAJE DE LÍNEA DE VIDA', NULL, '1586', NULL, 'MECANICO', 'JOSE', NULL, NULL, NULL),
	(588, 23, '7982', NULL, NULL, 622000, 1, 1, 1, '2021-02-20', 'IMPLEMENTACIÓN DE LINEA DE VIDA', NULL, '1587', NULL, 'ELECTRICO', 'RAUL', NULL, NULL, NULL),
	(589, 23, '7983', NULL, NULL, 623000, 1, 1, 1, '2021-02-20', 'REPARACIÓN AMORTIGUADOR ASIENTO PILOTO', NULL, '1588', NULL, 'MECANICO', 'JOSE', NULL, NULL, NULL),
	(590, 23, '7983', NULL, NULL, 624000, 1, 1, 1, '2021-02-20', 'REVISIÓN FUGA DE AIRE', NULL, '1589', NULL, 'ELECTRICO', 'RAUL', NULL, NULL, NULL),
	(591, 23, '7984', NULL, NULL, 625000, 1, 2, 1, '2021-02-20', 'REPARACIÓN DE NEUMÁTICO EN RUTA', NULL, '1590', NULL, 'MECANICO', 'JOSE', NULL, NULL, NULL),
	(592, 23, '7985', NULL, NULL, 626000, 1, 1, 1, '2021-02-22', 'ENGRASE', NULL, '1591', NULL, 'ELECTRICO', 'RAUL', NULL, NULL, NULL),
	(593, 23, '7985', NULL, NULL, 627000, 1, 1, 1, '2021-02-22', 'AUMENTO DE PRESIONES DE NEUMÁTICOS', NULL, '1592', NULL, 'MECANICO', 'JOSE', NULL, NULL, NULL),
	(594, 23, '7985', NULL, NULL, 628000, 1, 1, 1, '2021-02-22', 'REPARACIÓN DE BARANDAS', NULL, '1593', NULL, 'ELECTRICO', 'RAUL', NULL, NULL, NULL),
	(595, 23, '7985', NULL, NULL, 629000, 1, 1, 1, '2021-02-22', 'ENGRASE SISTEMA TOLDEO RÁPIDO', NULL, '1594', NULL, 'MECANICO', 'JOSE', NULL, NULL, NULL),
	(596, 23, '7986', NULL, NULL, 630000, 1, 2, 1, '2021-02-22', 'AUXILIO MECÁNICO PLANCHADA', NULL, '1595', NULL, 'ELECTRICO', 'RAUL', NULL, NULL, NULL),
	(597, 23, '7987', NULL, NULL, 631000, 1, 1, 1, '2021-02-22', 'REVISIÓN DE RADIADOR', NULL, '1596', NULL, 'MECANICO', 'JOSE', NULL, NULL, NULL),
	(598, 23, '7987', NULL, NULL, 632000, 1, 1, 1, '2021-02-22', 'REPARACIÓN DE RADIADOR', NULL, '1597', NULL, 'ELECTRICO', 'RAUL', NULL, NULL, NULL),
	(599, 23, '7987', NULL, NULL, 633000, 1, 1, 1, '2021-02-22', 'CAMBIO ACEITE CUBOS DELANTEROS', NULL, '1598', NULL, 'MECANICO', 'JOSE', NULL, NULL, NULL),
	(600, 23, '7987', NULL, NULL, 634000, 1, 1, 1, '2021-02-22', 'CAMBIO DE CEDAZO', NULL, '1599', NULL, 'ELECTRICO', 'RAUL', NULL, NULL, NULL),
	(601, 23, '7987', NULL, NULL, 635000, 1, 1, 1, '2021-02-22', 'REPARACIÓN TRICO LIMPIAPARABRISAS', NULL, '1600', NULL, 'MECANICO', 'JOSE', NULL, NULL, NULL),
	(602, 23, '7987', NULL, NULL, 636000, 1, 1, 1, '2021-02-22', 'CAMBIO SOPORTE CENTRAL CAÑA DE DIRECCIÓN', NULL, '1601', NULL, 'ELECTRICO', 'RAUL', NULL, NULL, NULL),
	(603, 23, '7987', NULL, NULL, 637000, 1, 1, 1, '2021-02-22', 'REPARACIÓN DE TANQUE DE AIRE', NULL, '1602', NULL, 'MECANICO', 'JOSE', NULL, NULL, NULL),
	(604, 23, '7987', NULL, NULL, 638000, 1, 1, 1, '2021-02-22', 'ENGRASE RODAJES DE TEMPLADOR', NULL, '1603', NULL, 'ELECTRICO', 'RAUL', NULL, NULL, NULL),
	(605, 23, '7987', NULL, NULL, 639000, 1, 1, 1, '2021-02-22', NULL, NULL, '1604', NULL, 'MECANICO', 'JOSE', NULL, NULL, NULL),
	(606, 23, '7987', NULL, NULL, 640000, 1, 1, 1, '2021-02-22', NULL, NULL, '1605', NULL, 'ELECTRICO', 'RAUL', NULL, NULL, NULL),
	(607, 23, '7987', NULL, NULL, 641000, 1, 1, 1, '2021-02-22', NULL, NULL, '1606', NULL, 'MECANICO', 'JOSE', NULL, NULL, NULL),
	(608, 23, '7988', NULL, NULL, 642000, 1, 2, 1, '2021-02-22', 'REPARACIÓN DE NEUMÁTICO EN RUTA', NULL, '1607', NULL, 'ELECTRICO', 'RAUL', NULL, NULL, NULL),
	(609, 23, '7989', NULL, NULL, 643000, 1, 2, 1, '2021-02-22', 'REPARACIÓN DE NEUMÁTICO EN RUTA', NULL, '1608', NULL, 'MECANICO', 'JOSE', NULL, NULL, NULL),
	(610, 24, '7990', NULL, NULL, 644000, 1, 2, 1, '2021-02-22', 'COMPRA DE REPUESTO', NULL, '1609', NULL, 'ELECTRICO', 'RAUL', NULL, NULL, NULL),
	(611, 23, '7991', NULL, NULL, 645000, 1, 2, 1, '2021-02-22', 'REPARACIÓN DE PULPO', NULL, '1610', NULL, 'MECANICO', 'JOSE', NULL, NULL, NULL),
	(612, 23, '7992', NULL, NULL, 646000, 1, 1, 1, '2021-02-23', 'CAMBIO DE MANGUERAS ROJO/AZUL', NULL, '1611', NULL, 'ELECTRICO', 'RAUL', NULL, NULL, NULL),
	(613, 12, '7992', NULL, NULL, 647000, 1, 1, 1, '2021-02-23', 'REPARACIÓN SOPORTE DE PÉRTIGA', NULL, '1612', NULL, 'MECANICO', 'JOSE', NULL, NULL, NULL),
	(614, 12, '7993', NULL, NULL, 648000, 1, 1, 1, '2021-02-23', 'CAMBIO DE ACEITE', NULL, '1613', NULL, 'ELECTRICO', 'RAUL', NULL, NULL, NULL),
	(615, 12, '7993', NULL, NULL, 649000, 1, 1, 1, '2021-02-23', 'ENGRASE', NULL, '1614', NULL, 'MECANICO', 'JOSE', NULL, NULL, NULL),
	(616, 12, '7993', NULL, NULL, 650000, 1, 1, 1, '2021-02-23', 'CAMBIO NEUMÁTICOS DE TRACCIÓN', NULL, '1615', NULL, 'ELECTRICO', 'RAUL', NULL, NULL, NULL),
	(617, 12, '7993', NULL, NULL, 651000, 1, 1, 1, '2021-02-23', 'CAMBIO BOLSA DE SUSPENSIÓN 2DA CORONA LD', NULL, '1616', NULL, 'MECANICO', 'JOSE', NULL, NULL, NULL),
	(618, 12, '7993', NULL, NULL, 652000, 1, 1, 1, '2021-02-23', 'AUMENTO DE REFRIGERANTE', NULL, '1617', NULL, 'ELECTRICO', 'RAUL', NULL, NULL, NULL),
	(619, 12, '7994', NULL, NULL, 653000, 1, 1, 1, '2021-02-24', 'REVISIÓN DE GOMA DE TEMPLADOR', NULL, '1618', NULL, 'MECANICO', 'JOSE', NULL, NULL, NULL),
	(620, 12, '7995', NULL, NULL, 654000, 1, 1, 1, '2021-02-24', 'CAMBIO DE ACEITE', NULL, '1619', NULL, 'ELECTRICO', 'RAUL', NULL, NULL, NULL),
	(621, 12, '7995', NULL, NULL, 655000, 1, 1, 1, '2021-02-24', 'ENGRASE', NULL, '1620', NULL, 'MECANICO', 'JOSE', NULL, NULL, NULL),
	(622, 12, '7995', NULL, NULL, 656000, 1, 1, 1, '2021-02-24', 'REGULACIÓN DE EMBRAGUE', NULL, '1621', NULL, 'ELECTRICO', 'RAUL', NULL, NULL, NULL),
	(623, 12, '7995', NULL, NULL, 657000, 1, 1, 1, '2021-02-24', 'ENGRASE RODAJES DE TEMPLADOR', NULL, '1622', NULL, 'MECANICO', 'JOSE', NULL, NULL, NULL),
	(624, 12, '7995', NULL, NULL, 658000, 1, 1, 1, '2021-02-24', 'AUMENTO PRESIONES DE NEUMÁTICOS', NULL, '1623', NULL, 'ELECTRICO', 'RAUL', NULL, NULL, NULL),
	(625, 12, '7996', NULL, NULL, 659000, 1, 1, 1, '2021-02-24', 'AUMENTO PRESIONES DE NEUMÁTICOS', NULL, '1624', NULL, 'MECANICO', 'JOSE', NULL, NULL, NULL),
	(626, 12, '7996', NULL, NULL, 660000, 1, 1, 1, '2021-02-24', 'ENGRASE', NULL, '1625', NULL, 'ELECTRICO', 'RAUL', NULL, NULL, NULL),
	(627, 12, '7997', NULL, NULL, 661000, 1, 1, 1, '2021-02-25', 'REVISIÓN DE NEUMÁTICOS', NULL, '1626', NULL, 'MECANICO', 'JOSE', NULL, NULL, NULL),
	(628, 12, '7997', NULL, NULL, 662000, 1, 1, 1, '2021-02-25', 'REGULACIÓN DE FRENOS', NULL, '1627', NULL, 'ELECTRICO', 'RAUL', NULL, NULL, NULL),
	(629, 12, '7997', NULL, NULL, 663000, 1, 1, 1, '2021-02-25', 'LIMPIEZA DE CEDAZO', NULL, '1628', NULL, 'MECANICO', 'JOSE', NULL, NULL, NULL),
	(630, 12, '7997', NULL, NULL, 664000, 1, 1, 1, '2021-02-25', 'AUMENTO ACEITE DE MOTOR', NULL, '1629', NULL, 'ELECTRICO', 'RAUL', NULL, NULL, NULL),
	(631, 12, '7998', NULL, NULL, 665000, 1, 1, 1, '2021-02-25', 'ENGRASE SISTEMA TOLDEO RÁPIDO', NULL, '1630', NULL, 'MECANICO', 'JOSE', NULL, NULL, NULL),
	(632, 12, '7998', NULL, NULL, 666000, 1, 1, 1, '2021-02-25', 'AUMENTO PRESIONES DE NEUMÁTICOS', NULL, '1631', NULL, 'ELECTRICO', 'RAUL', NULL, NULL, NULL),
	(633, 12, '7999', NULL, NULL, 667000, 1, 2, 1, '2021-02-25', 'REPARACIÓN DE NEUMÁTICO EN RUTA', NULL, '1632', NULL, 'MECANICO', 'JOSE', NULL, NULL, NULL),
	(634, 12, '8000', NULL, NULL, 668000, 1, 1, 1, '2021-02-25', 'ENGRASE', NULL, '1633', NULL, 'ELECTRICO', 'RAUL', NULL, NULL, NULL),
	(635, 12, '8000', NULL, NULL, 669000, 1, 1, 1, '2021-02-25', 'REPARACIÓN DE TEMPLADOR', NULL, '1634', NULL, 'MECANICO', 'JOSE', NULL, NULL, NULL),
	(636, 12, '8001', NULL, NULL, 670000, 1, 1, 1, '2021-02-25', 'AUMENTO ACEITE DE MOTOR', NULL, '1635', NULL, 'ELECTRICO', 'RAUL', NULL, NULL, NULL),
	(637, 12, '8001', NULL, NULL, 671000, 1, 1, 1, '2021-02-25', 'REVISIÓN DE LUCES', NULL, '1636', NULL, 'MECANICO', 'JOSE', NULL, NULL, NULL),
	(638, 12, '8001', NULL, NULL, 672000, 1, 1, 1, '2021-02-25', 'CAMBIO DE TAPABARROS DELANTEROS', NULL, '1637', NULL, 'ELECTRICO', 'RAUL', NULL, NULL, NULL),
	(639, 12, '8001', NULL, NULL, 673000, 1, 1, 1, '2021-02-25', NULL, NULL, '1638', NULL, 'MECANICO', 'JOSE', NULL, NULL, NULL),
	(640, 12, '8002', NULL, NULL, 674000, 1, 2, 1, '2021-02-25', 'REPARACION DE NEUMÁTICO EN RUTA', NULL, '1639', NULL, 'ELECTRICO', 'RAUL', NULL, NULL, NULL),
	(641, 12, '8003', NULL, NULL, 675000, 1, 1, 1, '2021-02-25', 'REGULACIÓN DE EMBRAGUE', NULL, '1640', NULL, 'MECANICO', 'JOSE', NULL, NULL, NULL),
	(642, 12, '8003', NULL, NULL, 676000, 1, 1, 1, '2021-02-25', 'ENGRASE DE COLLARÍN', NULL, '1641', NULL, 'ELECTRICO', 'RAUL', NULL, NULL, NULL),
	(643, 12, '8004', NULL, NULL, 677000, 1, 1, 1, '2021-02-25', 'CAMBIO DE BATERIAS', NULL, '1642', NULL, 'MECANICO', 'JOSE', NULL, NULL, NULL),
	(644, 12, '8004', NULL, NULL, 678000, 1, 1, 1, '2021-02-25', 'ROTACIÓN DE NEUMÁTICOS DELANTEROS', NULL, '1643', NULL, 'ELECTRICO', 'RAUL', NULL, NULL, NULL),
	(645, 12, '8004', NULL, NULL, 679000, 1, 1, 1, '2021-02-25', 'INSPECCIÓN DE NEUMÁTICOS', NULL, '1644', NULL, 'MECANICO', 'JOSE', NULL, NULL, NULL),
	(646, 12, '8004', NULL, NULL, 680000, 1, 1, 1, '2021-02-25', 'CAMBIO ACEITE DE DIFERENCIAL', NULL, '1645', NULL, 'ELECTRICO', 'RAUL', NULL, NULL, NULL),
	(647, 12, '8004', NULL, NULL, 681000, 1, 1, 1, '2021-02-25', 'CAMBIO ACEITE DE TRANSMISIÓN', NULL, '1646', NULL, 'MECANICO', 'JOSE', NULL, NULL, NULL),
	(648, 12, '8005', NULL, NULL, 682000, 1, 1, 1, '2021-02-26', 'CAMBIO DE ACEITE', NULL, '1647', NULL, 'ELECTRICO', 'RAUL', NULL, NULL, NULL),
	(649, 12, '8005', NULL, NULL, 683000, 1, 1, 1, '2021-02-26', 'ENGRASE', NULL, '1648', NULL, 'MECANICO', 'JOSE', NULL, NULL, NULL),
	(650, 12, '8006', NULL, NULL, 684000, 1, 1, 1, '2021-02-26', 'CAMBIO GRASA DE BOCAMASAS', NULL, '1649', NULL, 'ELECTRICO', 'RAUL', NULL, NULL, NULL),
	(651, 12, '8006', NULL, NULL, 685000, 1, 1, 1, '2021-02-26', 'CAMBIO ZAPATAS DE FRENOS', NULL, '1650', NULL, 'MECANICO', 'JOSE', NULL, NULL, NULL),
	(652, 12, '8007', NULL, NULL, 686000, 1, 1, 1, '2021-02-26', 'CAMBIO ACEITE DE TRANSMISIÓN', NULL, '1651', NULL, 'ELECTRICO', 'RAUL', NULL, NULL, NULL),
	(653, 12, '8007', NULL, NULL, 687000, 1, 1, 1, '2021-02-26', 'CAMBIO ACEITE DE DIFERENCIALES', NULL, '1652', NULL, 'MECANICO', 'JOSE', NULL, NULL, NULL),
	(654, 12, '8007', NULL, NULL, 688000, 1, 1, 1, '2021-02-26', 'CAMBIO ACEITE CUBOS DELANTEROS', NULL, '1653', NULL, 'ELECTRICO', 'RAUL', NULL, NULL, NULL),
	(655, 12, '8007', NULL, NULL, 689000, 1, 1, 1, '2021-02-26', 'ENGRASE', NULL, '1654', NULL, 'MECANICO', 'JOSE', NULL, NULL, NULL),
	(656, 12, '8008', NULL, NULL, 690000, 1, 1, 1, '2021-02-26', 'CAMBIO ACEITE DE TRANSMISIÓN', NULL, '1655', NULL, 'ELECTRICO', 'RAUL', NULL, NULL, NULL),
	(657, 12, '8008', NULL, NULL, 691000, 1, 1, 1, '2021-02-26', 'CAMBIO ACEITE DE DIFERENCIALES', NULL, '1656', NULL, 'MECANICO', 'JOSE', NULL, NULL, NULL),
	(658, 12, '8008', NULL, NULL, 692000, 1, 1, 1, '2021-02-26', 'CAMBIO ACEITE CUBOS DELANTEROS', NULL, '1657', NULL, 'ELECTRICO', 'RAUL', NULL, NULL, NULL),
	(659, 12, '8008', NULL, NULL, 693000, 1, 1, 1, '2021-02-26', 'ENGRASE', NULL, '1658', NULL, 'MECANICO', 'JOSE', NULL, NULL, NULL),
	(660, 12, '8009', NULL, NULL, 694000, 1, 1, 1, '2021-02-26', 'ENGRASE', NULL, '1659', NULL, 'ELECTRICO', 'RAUL', NULL, NULL, NULL),
	(661, 12, '8010', NULL, NULL, 695000, 1, 1, 1, '2021-02-26', 'ENGRASE', NULL, '1660', NULL, 'MECANICO', 'JOSE', NULL, NULL, NULL),
	(662, 12, '8011', NULL, NULL, 696000, 1, 1, 1, '2021-02-27', 'ENGRASE', NULL, '1661', NULL, 'ELECTRICO', 'RAUL', NULL, NULL, NULL),
	(663, 12, '8011', NULL, NULL, 697000, 1, 1, 1, '2021-02-27', 'REPARACION DE ABRAZADERA DE SILENCIADOR', NULL, '1662', NULL, 'MECANICO', 'JOSE', NULL, NULL, NULL),
	(664, 12, '8012', NULL, NULL, 698000, 1, 1, 1, '2021-02-27', 'REPARACION DE PISO', NULL, '1663', NULL, 'ELECTRICO', 'RAUL', NULL, NULL, NULL),
	(665, 12, '8012', NULL, NULL, 699000, 1, 1, 1, '2021-02-27', 'ENGRASE DE UNIDAD', NULL, '1664', NULL, 'MECANICO', 'JOSE', NULL, NULL, NULL),
	(666, 12, '8013', NULL, NULL, 700000, 1, 1, 1, '2021-02-27', 'REPARACION DE NEUMATICO', NULL, '1665', NULL, 'ELECTRICO', 'RAUL', NULL, NULL, NULL),
	(667, 12, '8014', NULL, NULL, 701000, 1, 1, 1, '2021-02-27', 'AUMENTO DE UREA', NULL, '1666', NULL, 'MECANICO', 'JOSE', NULL, NULL, NULL),
	(668, 12, '8015', NULL, NULL, 702000, 1, 1, 1, '2021-02-27', 'REVISION DE SISTEMA DE COMBUSTIBLE', NULL, '1667', NULL, 'ELECTRICO', 'RAUL', NULL, NULL, NULL),
	(669, 12, '8016', NULL, NULL, 703000, 1, 1, 1, '2021-02-27', 'CAMBIO DE NEUMATICO DE TRACCION N.9', NULL, '1668', NULL, 'MECANICO', 'JOSE', NULL, NULL, NULL),
	(670, 12, '8017', NULL, NULL, 704000, 1, 2, 2, '2021-03-01', 'REPARACIÓN DE NEUMÁTICO EN RUTA', NULL, '1669', NULL, 'ELECTRICO', 'RAUL', NULL, NULL, NULL),
	(671, 12, '8018', NULL, NULL, 705000, 1, 1, 4, '2021-03-01', 'REVISIÓN FUGA DE REFRIGERANTE', NULL, '1670', NULL, 'MECANICO', 'JOSE', NULL, NULL, NULL),
	(672, 12, '8018', NULL, NULL, 706000, 1, 1, 4, '2021-03-01', 'CAMBIO DE ACEITE', NULL, '1671', NULL, 'ELECTRICO', 'RAUL', NULL, NULL, NULL),
	(673, 12, '8018', NULL, NULL, 707000, 1, 1, 4, '2021-03-01', 'ENGRASE', NULL, '1672', NULL, 'MECANICO', 'JOSE', NULL, NULL, NULL),
	(674, 12, '8018', NULL, NULL, 708000, 1, 1, 4, '2021-03-01', 'CAMBIO DE MANGUERA DE AGUA', NULL, '1673', NULL, 'ELECTRICO', 'RAUL', NULL, NULL, NULL),
	(675, 12, '8018', NULL, NULL, 709000, 1, 1, 4, '2021-03-01', 'CAMBIO ZAPATAS DE FRENOS TRACCIÓN', NULL, '1674', NULL, 'MECANICO', 'JOSE', NULL, NULL, NULL),
	(676, 12, '8018', NULL, NULL, 710000, 1, 1, 4, '2021-03-01', 'REVISIÓN DE ACTUADORES', NULL, '1675', NULL, 'ELECTRICO', 'RAUL', NULL, NULL, NULL),
	(677, 12, '8019', NULL, NULL, 711000, 1, 1, 4, '2021-03-01', 'CAMBIO GRASA DE BOCAMASAS', NULL, '1676', NULL, 'MECANICO', 'JOSE', NULL, NULL, NULL),
	(678, 12, '8019', NULL, NULL, 712000, 1, 1, 4, '2021-03-01', 'CAMBIO ZAPATAS DE FRENOS 1ER, 2DO, 3ER EJE', NULL, '1677', NULL, 'ELECTRICO', 'RAUL', NULL, NULL, NULL),
	(679, 12, '8019', NULL, NULL, 713000, 1, 1, 4, '2021-03-01', 'CAMBIO DE NEUMÁTICOS', NULL, '1678', NULL, 'MECANICO', 'JOSE', NULL, NULL, NULL),
	(680, 12, '8019', NULL, NULL, 714000, 1, 1, 4, '2021-03-01', 'PINTADO DE PISO DE PLATAFORMA', NULL, '1679', NULL, 'ELECTRICO', 'RAUL', NULL, NULL, NULL),
	(681, 12, '8019', NULL, NULL, 715000, 1, 1, 4, '2021-03-01', 'SOLDADURA DE TECHO POSTERIOR', NULL, '1680', NULL, 'MECANICO', 'JOSE', NULL, NULL, NULL),
	(682, 12, '8020', NULL, NULL, 716000, 1, 1, 5, '2021-03-01', 'ENGRASE', NULL, '1681', NULL, 'ELECTRICO', 'RAUL', NULL, NULL, NULL),
	(683, 12, '8020', NULL, NULL, 717000, 1, 1, 5, '2021-03-01', 'REVISIÓN DE UNIDAD', NULL, '1682', NULL, 'MECANICO', 'JOSE', NULL, NULL, NULL),
	(684, 12, '8020', NULL, NULL, 718000, 1, 1, 5, '2021-03-01', 'AFINAMIENTO DE MOTOR', NULL, '1683', NULL, 'ELECTRICO', 'RAUL', NULL, NULL, NULL),
	(685, 12, '8020', NULL, NULL, 719000, 1, 1, 5, '2021-03-01', 'CAMBIO DE CEDAZO', NULL, '1684', NULL, 'MECANICO', 'JOSE', NULL, NULL, NULL),
	(686, 12, '8020', NULL, NULL, 720000, 1, 1, 5, '2021-03-01', 'AUMENTO PRESIONES DE NEUMÁTICOS', NULL, '1685', NULL, 'ELECTRICO', 'RAUL', NULL, NULL, NULL),
	(687, 12, '8020', NULL, NULL, 721000, 1, 1, 5, '2021-03-01', 'ROTACIÓN DE ZAPATAS DE FRENOS', NULL, '1686', NULL, 'MECANICO', 'JOSE', NULL, NULL, NULL),
	(688, 12, '8020', NULL, NULL, 722000, 1, 1, 5, '2021-03-01', 'CAMBIO DE ACORDEÓN', NULL, '1687', NULL, 'ELECTRICO', 'RAUL', NULL, NULL, NULL),
	(689, 12, '8020', NULL, NULL, 723000, 1, 1, 5, '2021-03-01', 'CAMBIO DE MANGUERAS ROJO/AZUL', NULL, '1688', NULL, 'MECANICO', 'JOSE', NULL, NULL, NULL),
	(690, 12, '8020', NULL, NULL, 724000, 1, 1, 5, '2021-03-01', 'AUMENTO DE REFRIGERANTE', NULL, '1689', NULL, 'ELECTRICO', 'RAUL', NULL, NULL, NULL),
	(691, 12, '8021', NULL, NULL, 725000, 1, 1, 1, '2021-03-01', 'DESMONTAJE DE LÍNEA DE VIDA', NULL, '1690', NULL, 'MECANICO', 'JOSE', NULL, NULL, NULL),
	(692, 12, '8022', NULL, NULL, 726000, 1, 2, 2, '2021-03-01', 'REPARACIÓN DE NEUMÁTICO EN RUTA', NULL, '1691', NULL, 'ELECTRICO', 'RAUL', NULL, NULL, NULL),
	(693, 12, '8023', NULL, NULL, 727000, 1, 1, 1, '2021-03-02', 'CAMBIO NEUMÁTICOS DELANTEROS', NULL, '1692', NULL, 'MECANICO', 'JOSE', NULL, NULL, NULL),
	(694, 12, '8024', NULL, NULL, 728000, 1, 1, 1, '2021-03-02', 'ENGRASE', NULL, '1693', NULL, 'ELECTRICO', 'RAUL', NULL, NULL, NULL),
	(695, 12, '8024', NULL, NULL, 729000, 1, 1, 1, '2021-03-02', 'REGULACIÓN DE FRENOS', NULL, '1694', NULL, 'MECANICO', 'JOSE', NULL, NULL, NULL),
	(696, 12, '8024', NULL, NULL, 730000, 1, 1, 1, '2021-03-02', 'REVISIÓN DE PLATAFORMA', NULL, '1695', NULL, 'ELECTRICO', 'RAUL', NULL, NULL, NULL),
	(697, 12, '8025', NULL, NULL, 731000, 1, 2, 2, '2021-03-02', 'REPARACIÓN DE NEUMÁTICO EN RUTA', NULL, '1696', NULL, 'MECANICO', 'JOSE', NULL, NULL, NULL),
	(698, 12, '8026', NULL, NULL, 732000, 1, 1, 4, '2021-03-04', 'CAMBIO ACEITE DE TRANSMISIÓN', NULL, '1697', NULL, 'ELECTRICO', 'RAUL', NULL, NULL, NULL),
	(699, 12, '8026', NULL, NULL, 733000, 1, 1, 4, '2021-03-04', 'CAMBIO ACEITE DE DIFERENCIALES', NULL, '1698', NULL, 'MECANICO', 'JOSE', NULL, NULL, NULL),
	(700, 12, '8026', NULL, NULL, 734000, 1, 1, 4, '2021-03-04', 'CAMBIO ZAPATAS DE FRENOS 1ER Y 2DO EJE', NULL, '1699', NULL, 'ELECTRICO', 'RAUL', NULL, NULL, NULL),
	(701, 12, '8026', NULL, NULL, 735000, 1, 1, 4, '2021-03-04', 'CAMBIO ACEITE CUBOS DELANTEROS', NULL, '1700', NULL, 'MECANICO', 'JOSE', NULL, NULL, NULL),
	(702, 12, '8027', NULL, NULL, 736000, 1, 1, 4, '2021-03-04', 'CAMBIO AMORTIGUADORES DELANTEROS', NULL, '1701', NULL, 'ELECTRICO', 'RAUL', NULL, NULL, NULL),
	(703, 12, '8027', NULL, NULL, 737000, 1, 1, 4, '2021-03-04', 'REPARACIÓN MASA DE VENTILADOR', NULL, '1702', NULL, 'MECANICO', 'JOSE', NULL, NULL, NULL),
	(704, 12, '8027', NULL, NULL, 738000, 1, 1, 4, '2021-03-04', 'CAMBIO TAPABARRO 1RA CORONA LI', NULL, '1703', NULL, 'ELECTRICO', 'RAUL', NULL, NULL, NULL),
	(705, 12, '8027', NULL, NULL, 739000, 1, 1, 4, '2021-03-04', 'CAMBIO BUJE DE TEMPLADOR', NULL, '1704', NULL, 'MECANICO', 'JOSE', NULL, NULL, NULL),
	(706, 12, '8027', NULL, NULL, 740000, 1, 1, 4, '2021-03-04', 'REGULACIÓN DE EMBRAGUE', NULL, '1705', NULL, 'ELECTRICO', 'RAUL', NULL, NULL, NULL),
	(707, 12, '8028', NULL, NULL, 741000, 1, 1, 4, '2021-03-04', 'CAMBIO DE ACEITE', NULL, '1706', NULL, 'MECANICO', 'JOSE', NULL, NULL, NULL),
	(708, 12, '8028', NULL, NULL, 742000, 1, 1, 4, '2021-03-04', 'ENGRASE', NULL, '1707', NULL, 'ELECTRICO', 'RAUL', NULL, NULL, NULL),
	(709, 12, '8028', NULL, NULL, 743000, 1, 1, 4, '2021-03-04', 'CAMBIO DE NEUMÁTICOS', NULL, '1708', NULL, 'MECANICO', 'JOSE', NULL, NULL, NULL),
	(710, 12, '8028', NULL, NULL, 744000, 1, 1, 4, '2021-03-04', 'ALINEAMIENTO Y BALANCEO', NULL, '1709', NULL, 'ELECTRICO', 'RAUL', NULL, NULL, NULL),
	(711, 12, '8028', NULL, NULL, 745000, 1, 1, 4, '2021-03-04', 'PINTADO JAULA ANTIVUELCO', NULL, '1710', NULL, 'MECANICO', 'JOSE', NULL, NULL, NULL),
	(712, 12, '8028', NULL, NULL, 746000, 1, 1, 4, '2021-03-04', 'INSPECCIÓN DE NEUMÁTICOS', NULL, '1711', NULL, 'ELECTRICO', 'RAUL', NULL, NULL, NULL),
	(713, 12, '8029', NULL, NULL, 747000, 1, 1, 4, '2021-03-04', 'AUMENTO DE UREA', NULL, '1712', NULL, 'MECANICO', 'JOSE', NULL, NULL, NULL),
	(714, 12, '8030', NULL, NULL, 748000, 1, 1, 4, '2021-03-05', 'ENGRASE', NULL, '1713', NULL, 'ELECTRICO', 'RAUL', NULL, NULL, NULL),
	(715, 12, '8030', NULL, NULL, 749000, 1, 1, 4, '2021-03-05', 'CAMBIO DE ACEITE', NULL, '1714', NULL, 'MECANICO', 'JOSE', NULL, NULL, NULL),
	(716, 12, '8030', NULL, NULL, 750000, 1, 1, 4, '2021-03-05', 'REPARACIÓN BASE DE TUBO DE ESCAPE', NULL, '1715', NULL, 'ELECTRICO', 'RAUL', NULL, NULL, NULL),
	(717, 12, '8030', NULL, NULL, 751000, 1, 1, 4, '2021-03-05', 'REVISIÓN DE PERTIGA', NULL, '1716', NULL, 'MECANICO', 'JOSE', NULL, NULL, NULL),
	(718, 12, '8030', NULL, NULL, 752000, 1, 1, 4, '2021-03-05', 'CAMBIO VÁLVULA SECADOR DE AIRE', NULL, '1717', NULL, 'ELECTRICO', 'RAUL', NULL, NULL, NULL),
	(719, 12, '8030', NULL, NULL, 753000, 1, 1, 4, '2021-03-05', 'IMPLEMENTACIÓN TANQUE DE AGUA', NULL, '1718', NULL, 'MECANICO', 'JOSE', NULL, NULL, NULL),
	(720, 12, '8035', NULL, NULL, 754000, 1, 1, 4, '2021-03-05', 'REVISIÓN DE TORNAMESA', NULL, '1719', NULL, 'ELECTRICO', 'RAUL', NULL, NULL, NULL),
	(721, 12, '8036', NULL, NULL, 755000, 1, 1, 5, '2021-03-05', 'ENGRASE', NULL, '1720', NULL, 'MECANICO', 'JOSE', NULL, NULL, NULL),
	(722, 12, '8036', NULL, NULL, 756000, 1, 1, 5, '2021-03-05', 'IMPLEMENTACIÓN DE MALACATES', NULL, '1721', NULL, 'ELECTRICO', 'RAUL', NULL, NULL, NULL),
	(723, 12, '8036', NULL, NULL, 757000, 1, 1, 5, '2021-03-05', 'REVISIÓN DE TOLDERA', NULL, '1722', NULL, 'MECANICO', 'JOSE', NULL, NULL, NULL),
	(724, 12, '8036', NULL, NULL, 758000, 1, 1, 5, '2021-03-05', 'INSPECCIÓN DE NEUMÁTICOS', NULL, '1723', NULL, 'ELECTRICO', 'RAUL', NULL, NULL, NULL),
	(725, 12, '8036', NULL, NULL, 759000, 1, 1, 5, '2021-03-05', 'REVISIÓN DE BARANDAS', NULL, '1724', NULL, 'MECANICO', 'JOSE', NULL, NULL, NULL),
	(726, 12, '8037', NULL, NULL, 760000, 1, 1, 4, '2021-03-06', 'CAMBIO DE ACEITE', NULL, '1725', NULL, 'ELECTRICO', 'RAUL', NULL, NULL, NULL),
	(727, 12, '8037', NULL, NULL, 761000, 1, 1, 4, '2021-03-06', 'ENGRASE ', NULL, '1726', NULL, 'MECANICO', 'JOSE', NULL, NULL, NULL),
	(728, 12, '8037', NULL, NULL, 762000, 1, 1, 4, '2021-03-06', 'LIMPIEZA DE FILTRO DE AIRE', NULL, '1727', NULL, 'ELECTRICO', 'RAUL', NULL, NULL, NULL),
	(729, 12, '8038', NULL, NULL, 763000, 1, 1, 5, '2021-03-08', 'ENGRASE', NULL, '1728', NULL, 'MECANICO', 'JOSE', NULL, NULL, NULL),
	(730, 12, '8038', NULL, NULL, 764000, 1, 1, 5, '2021-03-08', 'INSPECCIÓN DE NEUMÁTICOS', NULL, '1729', NULL, 'ELECTRICO', 'RAUL', NULL, NULL, NULL),
	(731, 12, '8038', NULL, NULL, 765000, 1, 1, 5, '2021-03-08', 'REVISIÓN DE LUCES', NULL, '1730', NULL, 'MECANICO', 'JOSE', NULL, NULL, NULL),
	(732, 12, '8038', NULL, NULL, 766000, 1, 1, 5, '2021-03-08', 'REVISIÓN DE BARANDAS', NULL, '1731', NULL, 'ELECTRICO', 'RAUL', NULL, NULL, NULL),
	(733, 12, '8038', NULL, NULL, 767000, 1, 1, 5, '2021-03-08', 'REVISIÓN ESTADO DE TOLDERA', NULL, '1732', NULL, 'MECANICO', 'JOSE', NULL, NULL, NULL),
	(734, 12, '8038', NULL, NULL, 768000, 1, 1, 5, '2021-03-08', 'IMPLEMENTACIÓN DE MALACATES', NULL, '1733', NULL, 'ELECTRICO', 'RAUL', NULL, NULL, NULL),
	(735, 12, '8039', NULL, NULL, 769000, 1, 1, 5, '2021-03-08', 'ENGRASE', NULL, '1734', NULL, 'MECANICO', 'JOSE', NULL, NULL, NULL),
	(736, 12, '8039', NULL, NULL, 770000, 1, 1, 5, '2021-03-08', 'CAMBIO DE CEDAZO', NULL, '1735', NULL, 'ELECTRICO', 'RAUL', NULL, NULL, NULL),
	(737, 12, '8039', NULL, NULL, 771000, 1, 1, 5, '2021-03-08', 'CAMBIO PLANCHA METÁLICA', NULL, '1736', NULL, 'MECANICO', 'JOSE', NULL, NULL, NULL),
	(738, 12, '8039', NULL, NULL, 772000, 1, 1, 5, '2021-03-08', 'CAMBIO O-RINGS VÁLVULA CORTE DE COMBUSTIBLE', NULL, '1737', NULL, 'ELECTRICO', 'RAUL', NULL, NULL, NULL),
	(739, 12, '8039', NULL, NULL, 773000, 1, 1, 5, '2021-03-08', 'INSPECCIÓN DE NEUMÁTICOS', NULL, '1738', NULL, 'MECANICO', 'JOSE', NULL, NULL, NULL),
	(740, 12, '8039', NULL, NULL, 774000, 1, 1, 5, '2021-03-08', 'CAMBIO TAPA DE COMBUSTIBLE LD', NULL, '1739', NULL, 'ELECTRICO', 'RAUL', NULL, NULL, NULL),
	(741, 12, '8039', NULL, NULL, 775000, 1, 1, 5, '2021-03-08', 'IMPLEMENTACION SEGUROS TAPA DE COMBUSTIBLE', NULL, '1740', NULL, 'MECANICO', 'JOSE', NULL, NULL, NULL),
	(742, 12, '8040', NULL, NULL, 776000, 1, 1, 1, '2021-03-08', 'CAMBIO BUJE DE TEMPLADOR', NULL, '1741', NULL, 'ELECTRICO', 'RAUL', NULL, NULL, NULL),
	(743, 15, '8040', NULL, NULL, 777000, 1, 1, 1, '2021-03-08', 'CAMBIO ZAPATAS DE FRENOS 1ER Y 2DO EJE', NULL, '1742', NULL, 'MECANICO', 'JOSE', NULL, NULL, NULL),
	(744, 15, '8040', NULL, NULL, 778000, 1, 1, 1, '2021-03-08', 'REVISIÓN BUJES DE GRILLETES MUELLES', NULL, '1743', NULL, 'ELECTRICO', 'RAUL', NULL, NULL, NULL),
	(745, 15, '8040', NULL, NULL, 779000, 1, 1, 1, '2021-03-08', 'REPARACIÓN DE ALTERNADOR', NULL, '1744', NULL, 'MECANICO', 'JOSE', NULL, NULL, NULL),
	(746, 15, '8040', NULL, NULL, 780000, 1, 1, 1, '2021-03-08', 'REPARACIÓN MASA DE VENTILADOR', NULL, '1745', NULL, 'ELECTRICO', 'RAUL', NULL, NULL, NULL),
	(747, 15, '8041', NULL, NULL, 781000, 1, 1, 4, '2021-03-08', 'CAMBIO DE ACEITE', NULL, '1746', NULL, 'MECANICO', 'JOSE', NULL, NULL, NULL),
	(748, 15, '8041', NULL, NULL, 782000, 1, 1, 4, '2021-03-08', 'ENGRASE', NULL, '1747', NULL, 'ELECTRICO', 'RAUL', NULL, NULL, NULL),
	(749, 15, '8041', NULL, NULL, 783000, 1, 1, 4, '2021-03-08', 'REPARACIÓN DE CAJA DE CAMBIOS', NULL, '1748', NULL, 'MECANICO', 'JOSE', NULL, NULL, NULL),
	(750, 15, '8041', NULL, NULL, 784000, 1, 1, 4, '2021-03-08', 'PINTADO DE PARACHOQUE DELANTERO', NULL, '1749', NULL, 'ELECTRICO', 'RAUL', NULL, NULL, NULL),
	(751, 15, '8041', NULL, NULL, 785000, 1, 1, 4, '2021-03-08', 'CAMBIO RETÉN DELANTERO DE CIGÜEÑAL', NULL, '1750', NULL, 'MECANICO', 'JOSE', NULL, NULL, NULL),
	(752, 15, '8041', NULL, NULL, 786000, 1, 1, 4, '2021-03-08', 'MANTENIMIENTO DE CRUCETAS', NULL, '1751', NULL, 'ELECTRICO', 'RAUL', NULL, NULL, NULL),
	(753, 15, '8041', NULL, NULL, 787000, 1, 1, 4, '2021-03-08', 'CAMBIO SOPORTE CENTRAL DE CARDÁN', NULL, '1752', NULL, 'MECANICO', 'JOSE', NULL, NULL, NULL),
	(754, 15, '8041', NULL, NULL, 788000, 1, 1, 4, '2021-03-08', 'CAMBIO RETÉN POSTERIOR DE CIGÜEÑAL', NULL, '1753', NULL, 'ELECTRICO', 'RAUL', NULL, NULL, NULL),
	(755, 15, '8041', NULL, NULL, 789000, 1, 1, 4, '2021-03-08', 'CAMBIO BUJE DE TEMPLADOR', NULL, '1754', NULL, 'MECANICO', 'JOSE', NULL, NULL, NULL),
	(756, 15, '8041', NULL, NULL, 790000, 1, 1, 4, '2021-03-08', 'REPARACIÓN DE RADIADOR', NULL, '1755', NULL, 'ELECTRICO', 'RAUL', NULL, NULL, NULL),
	(757, 15, '8041', NULL, NULL, 791000, 1, 1, 4, '2021-03-08', 'CAMBIO DE EMBRAGUE', NULL, '1756', NULL, 'MECANICO', 'JOSE', NULL, NULL, NULL),
	(758, 15, '8041', NULL, NULL, 792000, 1, 1, 4, '2021-03-08', 'CAMBIO EMPAQUE MULTIPLE DE ESCAPE', NULL, '1757', NULL, 'ELECTRICO', 'RAUL', NULL, NULL, NULL),
	(759, 15, '8041', NULL, NULL, 793000, 1, 1, 4, '2021-03-08', NULL, NULL, '1758', NULL, 'MECANICO', 'JOSE', NULL, NULL, NULL),
	(760, 15, '8041', NULL, NULL, 794000, 1, 1, 4, '2021-03-08', NULL, NULL, '1759', NULL, 'ELECTRICO', 'RAUL', NULL, NULL, NULL),
	(761, 15, '8042', NULL, NULL, 795000, 1, 2, 2, '2021-03-08', 'AUXILIO MECÁNICO', NULL, '1760', NULL, 'MECANICO', 'JOSE', NULL, NULL, NULL),
	(762, 15, '8043', NULL, NULL, 796000, 1, 1, 4, '2021-03-09', 'CAMBIO DE ACEITE', NULL, '1761', NULL, 'ELECTRICO', 'RAUL', NULL, NULL, NULL),
	(763, 15, '8043', NULL, NULL, 797000, 1, 1, 4, '2021-03-09', 'ENGRASE', NULL, '1762', NULL, 'MECANICO', 'JOSE', NULL, NULL, NULL),
	(764, 15, '8043', NULL, NULL, 798000, 1, 1, 4, '2021-03-09', 'CAMBIO BUJE DE TEMPLADOR', NULL, '1763', NULL, 'ELECTRICO', 'RAUL', NULL, NULL, NULL),
	(765, 15, '8043', NULL, NULL, 799000, 1, 1, 4, '2021-03-09', 'ROTACIÓN DE NEUMÁTICOS', NULL, '1764', NULL, 'MECANICO', 'JOSE', NULL, NULL, NULL),
	(766, 15, '8044', NULL, NULL, 800000, 1, 1, 1, '2021-03-09', 'REPARACIÓN DE NEUMÁTICO', NULL, '1765', NULL, 'ELECTRICO', 'RAUL', NULL, NULL, NULL),
	(767, 15, '8044', NULL, NULL, 801000, 1, 1, 1, '2021-03-09', 'REVISIÓN DE LUCES', NULL, '1766', NULL, 'MECANICO', 'JOSE', NULL, NULL, NULL),
	(768, 15, '8044', NULL, NULL, 802000, 1, 1, 1, '2021-03-09', 'AUMENTO PRESIONES DE NEUMÁTICOS', NULL, '1767', NULL, 'ELECTRICO', 'RAUL', NULL, NULL, NULL),
	(769, 15, '8045', NULL, NULL, 803000, 1, 1, 1, '2021-03-10', 'REPARACIÓN DE RADIADOR', NULL, '1768', NULL, 'MECANICO', 'JOSE', NULL, NULL, NULL),
	(770, 15, '8045', NULL, NULL, 804000, 1, 1, 1, '2021-03-10', 'REPARACIÓN MASA DE VENTILADOR', NULL, '1769', NULL, 'ELECTRICO', 'RAUL', NULL, NULL, NULL),
	(771, 15, '8045', NULL, NULL, 805000, 1, 1, 1, '2021-03-10', 'REVISIÓN DE ALTERNADOR', NULL, '1770', NULL, 'MECANICO', 'JOSE', NULL, NULL, NULL),
	(772, 15, '8046', NULL, NULL, 806000, 1, 1, 1, '2021-03-10', 'CAMBIO DE NEUMÁTICOS DE TRACCIÓN', NULL, '1771', NULL, 'ELECTRICO', 'RAUL', NULL, NULL, NULL),
	(773, 15, '8046', NULL, NULL, 807000, 1, 1, 1, '2021-03-10', 'PINTADO DE CHASIS', NULL, '1772', NULL, 'MECANICO', 'JOSE', NULL, NULL, NULL),
	(774, 15, '8046', NULL, NULL, 808000, 1, 1, 1, '2021-03-10', NULL, NULL, '1773', NULL, 'ELECTRICO', 'RAUL', NULL, NULL, NULL),
	(775, 15, '8047', NULL, NULL, 809000, 1, 2, 2, '2021-03-10', 'CAMBIO FARO ALTA Y BAJA', NULL, '1774', NULL, 'MECANICO', 'JOSE', NULL, NULL, NULL),
	(776, 15, '8048', NULL, NULL, 810000, 1, 1, 5, '2021-03-10', 'ENGRASE', NULL, '1775', NULL, 'ELECTRICO', 'RAUL', NULL, NULL, NULL),
	(777, 15, '8048', NULL, NULL, 811000, 1, 1, 5, '2021-03-10', 'REVISIÓN DE LUCES', NULL, '1776', NULL, 'MECANICO', 'JOSE', NULL, NULL, NULL),
	(778, 15, '8048', NULL, NULL, 812000, 1, 1, 5, '2021-03-10', 'AUMENTO PRESIONES DE NEUMÁTICOS', NULL, '1777', NULL, 'ELECTRICO', 'RAUL', NULL, NULL, NULL),
	(779, 15, '8049', NULL, NULL, 813000, 1, 1, 1, '2021-03-10', 'INSPECCIÓN DE NEUMÁTICOS', NULL, '1778', NULL, 'MECANICO', 'JOSE', NULL, NULL, NULL),
	(780, 15, '8050', NULL, NULL, 814000, 1, 1, 4, '2021-03-11', 'ENGRASE', NULL, '1779', NULL, 'ELECTRICO', 'RAUL', NULL, NULL, NULL),
	(781, 15, '8050', NULL, NULL, 815000, 1, 1, 4, '2021-03-11', 'CAMBIO DE ACEITE', NULL, '1780', NULL, 'MECANICO', 'JOSE', NULL, NULL, NULL),
	(782, 15, '8050', NULL, NULL, 816000, 1, 1, 4, '2021-03-11', 'CAMBIO FALDONES POSTERIORES', NULL, '1781', NULL, 'ELECTRICO', 'RAUL', NULL, NULL, NULL),
	(783, 15, '8050', NULL, NULL, 817000, 1, 1, 4, '2021-03-11', 'REVISIÓN DE LUCES', NULL, '1782', NULL, 'MECANICO', 'JOSE', NULL, NULL, NULL),
	(784, 15, '8050', NULL, NULL, 818000, 1, 1, 4, '2021-03-11', 'AUMENTO PRESIONES DE NEUMÁTICOS', NULL, '1783', NULL, 'ELECTRICO', 'RAUL', NULL, NULL, NULL),
	(785, 15, '8051', NULL, NULL, 819000, 1, 1, 5, '2021-03-11', 'ENGRASE', NULL, '1784', NULL, 'MECANICO', 'JOSE', NULL, NULL, NULL),
	(786, 15, '8051', NULL, NULL, 820000, 1, 1, 5, '2021-03-11', 'AUMENTO PRESIONES DE NEUMÁTICOS', NULL, '1785', NULL, 'ELECTRICO', 'RAUL', NULL, NULL, NULL),
	(787, 15, '8051', NULL, NULL, 821000, 1, 1, 5, '2021-03-11', 'REVISIÓN DE LUCES', NULL, '1786', NULL, 'MECANICO', 'JOSE', NULL, NULL, NULL),
	(788, 15, '8052', NULL, NULL, 822000, 1, 2, 2, '2021-03-12', 'CAMBIO BOLSA DE SUSPENSIÓN 3ER EJE LI', NULL, '1787', NULL, 'ELECTRICO', 'RAUL', NULL, NULL, NULL),
	(789, 15, '8053', NULL, NULL, 823000, 1, 1, 1, '2021-03-12', 'AUMENTO DE UREA', NULL, '1788', NULL, 'MECANICO', 'JOSE', NULL, NULL, NULL),
	(790, 15, '8054', NULL, NULL, 824000, 1, NULL, NULL, '2021-03-12', NULL, NULL, '1789', NULL, 'ELECTRICO', 'RAUL', NULL, NULL, NULL),
	(791, 15, '8055', NULL, NULL, 825000, 1, 1, 4, '2021-03-15', 'ENGRASE', NULL, '1790', NULL, 'MECANICO', 'JOSE', NULL, NULL, NULL),
	(792, 15, '8055', NULL, NULL, 826000, 1, 1, 4, '2021-03-15', 'CAMBIO DE ACEITE', NULL, '1791', NULL, 'ELECTRICO', 'RAUL', NULL, NULL, NULL),
	(793, 15, '8055', NULL, NULL, 827000, 1, 1, 4, '2021-03-15', 'AUMENTO PRESIONES DE NEUMÁTICOS', NULL, '1792', NULL, 'MECANICO', 'JOSE', NULL, NULL, NULL),
	(794, 15, '8055', NULL, NULL, 828000, 1, 1, 4, '2021-03-15', 'REVISIÓN DE LUCES', NULL, '1793', NULL, 'ELECTRICO', 'RAUL', NULL, NULL, NULL),
	(795, 15, '8056', NULL, NULL, 829000, 1, 2, 2, '2021-03-15', 'REPARACIÓN DE NEUMÁTICO EN RUTA', NULL, '1794', NULL, 'MECANICO', 'JOSE', NULL, NULL, NULL),
	(796, 15, '8057', NULL, NULL, 830000, 1, 1, 5, '2021-03-15', 'ENGRASE', NULL, '1795', NULL, 'ELECTRICO', 'RAUL', NULL, NULL, NULL),
	(797, 15, '8057', NULL, NULL, 831000, 1, 1, 5, '2021-03-15', 'INSPECCIÓN DE NEUMÁTICOS', NULL, '1796', NULL, 'MECANICO', 'JOSE', NULL, NULL, NULL),
	(798, 15, '8057', NULL, NULL, 832000, 1, 1, 5, '2021-03-15', 'REVISIÓN DE BARANDAS', NULL, '1797', NULL, 'ELECTRICO', 'RAUL', NULL, NULL, NULL),
	(799, 15, '8058', NULL, NULL, 833000, 1, 1, 1, '2021-03-15', 'REVISION DE BARANDAS', NULL, '1798', NULL, 'MECANICO', 'JOSE', NULL, NULL, NULL),
	(800, 15, '8058', NULL, NULL, 834000, 1, 1, 1, '2021-03-15', 'REPARACIÓN DE NEUMÁTICO', NULL, '1799', NULL, 'ELECTRICO', 'RAUL', NULL, NULL, NULL),
	(801, 15, '8058', NULL, NULL, 835000, 1, 1, 1, '2021-03-15', 'REVISIÓN DE LUCES', NULL, '1800', NULL, 'MECANICO', 'JOSE', NULL, NULL, NULL),
	(802, 15, '8059', NULL, NULL, 836000, 1, 1, 1, '2021-03-15', 'CAMBIO VÁLVULA NIVEL DE CABINA', NULL, '1801', NULL, 'ELECTRICO', 'RAUL', NULL, NULL, NULL),
	(803, 15, '8059', NULL, NULL, 837000, 1, 1, 1, '2021-03-15', 'REVISIÓN LIMPIAPARABRISAS', NULL, '1802', NULL, 'MECANICO', 'JOSE', NULL, NULL, NULL),
	(804, 15, '8060', NULL, NULL, 838000, 1, 1, 4, '2021-03-16', 'CAMBIO ACEITE DE TRANSMISIÓN', NULL, '1803', NULL, 'ELECTRICO', 'RAUL', NULL, NULL, NULL),
	(805, 15, '8060', NULL, NULL, 839000, 1, 1, 4, '2021-03-16', 'CAMBIO ACEITE DE DIFERENCIALES', NULL, '1804', NULL, 'MECANICO', 'JOSE', NULL, NULL, NULL),
	(806, 15, '8060', NULL, NULL, 840000, 1, 1, 4, '2021-03-16', 'CAMBIO DE BATERIAS', NULL, '1805', NULL, 'ELECTRICO', 'RAUL', NULL, NULL, NULL),
	(807, 15, '8060', NULL, NULL, 841000, 1, 1, 4, '2021-03-16', 'CAMBIO MANGUERA DE COLLARÍN', NULL, '1806', NULL, 'MECANICO', 'JOSE', NULL, NULL, NULL),
	(808, 15, '8060', NULL, NULL, 842000, 1, 1, 4, '2021-03-16', 'CAMBIO ACEITE CUBOS DELANTEROS', NULL, '1807', NULL, 'ELECTRICO', 'RAUL', NULL, NULL, NULL),
	(809, 15, '8060', NULL, NULL, 843000, 1, 1, 4, '2021-03-16', 'ENGRASE', NULL, '1808', NULL, 'MECANICO', 'JOSE', NULL, NULL, NULL),
	(810, 15, '8061', NULL, NULL, 844000, 1, 1, 5, '2021-03-16', 'ENGRASE', NULL, '1809', NULL, 'ELECTRICO', 'RAUL', NULL, NULL, NULL),
	(811, 7, '8061', NULL, NULL, 845000, 1, 1, 5, '2021-03-16', 'INSPECCIÓN DE NEUMÁTICOS', NULL, '1810', NULL, 'MECANICO', 'JOSE', NULL, NULL, NULL),
	(812, 7, '8061', NULL, NULL, 846000, 1, 1, 5, '2021-03-16', 'AUMENTO PRESIONES DE NEUMÁTICOS', NULL, '1811', NULL, 'ELECTRICO', 'RAUL', NULL, NULL, NULL),
	(813, 7, '8061', NULL, NULL, 847000, 1, 1, 5, '2021-03-16', 'REPARACIÓN DE NEUMÁTICO', NULL, '1812', NULL, 'MECANICO', 'JOSE', NULL, NULL, NULL),
	(814, 7, '8062', NULL, NULL, 848000, 1, 1, 1, '2021-03-16', 'CAMBIO BOCINA DE UNIDAD', NULL, '1813', NULL, 'ELECTRICO', 'RAUL', NULL, NULL, NULL),
	(815, 7, '8062', NULL, NULL, 849000, 1, 1, 1, '2021-03-16', 'REVISIÓN FUGA DE COMBUSTIBLE', NULL, '1814', NULL, 'MECANICO', 'JOSE', NULL, NULL, NULL),
	(816, 7, '8062', NULL, NULL, 850000, 1, 1, 1, '2021-03-16', 'REVISIÓN DE ARRANCADOR', NULL, '1815', NULL, 'ELECTRICO', 'RAUL', NULL, NULL, NULL),
	(817, 7, '8063', NULL, NULL, 851000, 1, 1, 1, '2021-03-16', 'REVISIÓN DE LUCES', NULL, '1816', NULL, 'MECANICO', 'JOSE', NULL, NULL, NULL),
	(818, 7, '8064', NULL, NULL, 852000, 1, 1, 5, '2021-03-18', 'CAMBIO ACEITE DE TRANSMISIÓN', NULL, '1817', NULL, 'ELECTRICO', 'RAUL', NULL, NULL, NULL),
	(819, 7, '8064', NULL, NULL, 853000, 1, 1, 5, '2021-03-18', 'CAMBIO ACEITE DE DIFERENCIALES', NULL, '1818', NULL, 'MECANICO', 'JOSE', NULL, NULL, NULL),
	(820, 7, '8064', NULL, NULL, 854000, 1, 1, 5, '2021-03-18', 'CAMBIO ACEITE CUBOS DELANTEROS', NULL, '1819', NULL, 'ELECTRICO', 'RAUL', NULL, NULL, NULL),
	(821, 7, '8064', NULL, NULL, 855000, 1, 1, 5, '2021-03-18', 'ENGRASE', NULL, '1820', NULL, 'MECANICO', 'JOSE', NULL, NULL, NULL),
	(822, 7, '8064', NULL, NULL, 856000, 1, 1, 5, '2021-03-18', 'CAMBIO DE ACEITE', NULL, '1821', NULL, 'ELECTRICO', 'RAUL', NULL, NULL, NULL),
	(823, 7, '8064', NULL, NULL, 857000, 1, 1, 5, '2021-03-18', 'CAMBIO RODAJES RUEDA DELANTERA LI', NULL, '1822', NULL, 'MECANICO', 'JOSE', NULL, NULL, NULL),
	(824, 7, '8065', NULL, NULL, 858000, 1, 1, 5, '2021-03-18', 'CAMBIO ACEITE DE TRANSMISIÓN', NULL, '1823', NULL, 'ELECTRICO', 'RAUL', NULL, NULL, NULL),
	(825, 7, '8065', NULL, NULL, 859000, 1, 1, 5, '2021-03-18', 'CAMBIO ACEITE DE DIFERENCIALES', NULL, '1824', NULL, 'MECANICO', 'JOSE', NULL, NULL, NULL),
	(826, 7, '8065', NULL, NULL, 860000, 1, 1, 5, '2021-03-18', 'CAMBIO ACEITE CUBOS DELANTEROS', NULL, '1825', NULL, 'ELECTRICO', 'RAUL', NULL, NULL, NULL),
	(827, 7, '8065', NULL, NULL, 861000, 1, 1, 5, '2021-03-18', 'CAMBIO RODAJES RUEDA DELANTERA LD', NULL, '1826', NULL, 'MECANICO', 'JOSE', NULL, NULL, NULL),
	(828, 7, '8065', NULL, NULL, 862000, 1, 1, 5, '2021-03-18', 'CAMBIO GANCHO DE CAPOT LD', NULL, '1827', NULL, 'ELECTRICO', 'RAUL', NULL, NULL, NULL),
	(829, 7, '8066', NULL, NULL, 863000, 1, 1, 1, '2021-03-19', 'REGULACIÓN DE FRENOS', NULL, '1828', NULL, 'MECANICO', 'JOSE', NULL, NULL, NULL),
	(830, 7, '8066', NULL, NULL, 864000, 1, 1, 1, '2021-03-19', 'REPARACIÓN PARACHOQUE POSTERIOR', NULL, '1829', NULL, 'ELECTRICO', 'RAUL', NULL, NULL, NULL),
	(831, 7, '8066', NULL, NULL, 865000, 1, 1, 1, '2021-03-19', 'ENGRASE', NULL, '1830', NULL, 'MECANICO', 'JOSE', NULL, NULL, NULL),
	(832, 11, '8067', NULL, NULL, 866000, 1, 2, 2, '2021-03-19', 'CARGA DE BATERIA EN RUTA', NULL, '1831', NULL, 'ELECTRICO', 'RAUL', NULL, NULL, NULL),
	(833, 11, '8068', NULL, NULL, 867000, 1, 1, 1, '2021-03-19', 'REPARACIÓN DE ARRANCADOR', NULL, '1832', NULL, 'MECANICO', 'JOSE', NULL, NULL, NULL),
	(834, 11, '8068', NULL, NULL, 868000, 1, 1, 1, '2021-03-19', 'REVISIÓN DE UNIDAD', NULL, '1833', NULL, 'ELECTRICO', 'RAUL', NULL, NULL, NULL),
	(835, 11, '8069', NULL, NULL, 869000, 1, 1, 1, '2021-03-19', 'CAMBIO NEUMÁTICO DE REPUESTO', NULL, '1834', NULL, 'MECANICO', 'JOSE', NULL, NULL, NULL),
	(836, 11, '8070', NULL, NULL, 870000, 1, 1, 5, '2021-03-19', 'ENGRASE', NULL, '1835', NULL, 'ELECTRICO', 'RAUL', NULL, NULL, NULL),
	(837, 11, '8070', NULL, NULL, 871000, 1, 1, 5, '2021-03-19', 'REVISIÓN DE LUCES', NULL, '1836', NULL, 'MECANICO', 'JOSE', NULL, NULL, NULL),
	(838, 11, '8071', NULL, NULL, 872000, 1, 1, 1, '2021-03-20', 'CAMBIO NEUMÁTICOS DE TRACCIÓN', NULL, '1837', NULL, 'ELECTRICO', 'RAUL', NULL, NULL, NULL),
	(839, 11, '8071', NULL, NULL, 873000, 1, 1, 1, '2021-03-20', 'REVISIÓN DE LUCES', NULL, '1838', NULL, 'MECANICO', 'JOSE', NULL, NULL, NULL),
	(840, 11, '8071', NULL, NULL, 874000, 1, 1, 1, '2021-03-20', 'REVISIÓN DE UNIDAD', NULL, '1839', NULL, 'ELECTRICO', 'RAUL', NULL, NULL, NULL),
	(841, 11, '8072', NULL, NULL, 875000, 1, 1, 6, '2021-03-20', 'IMPLEMENTACIÓN DE LINEA DE VIDA', NULL, '1840', NULL, 'MECANICO', 'JOSE', NULL, NULL, NULL),
	(842, 11, '8072', NULL, NULL, 876000, 1, 1, 6, '2021-03-20', 'REVISIÓN DE LUCES', NULL, '1841', NULL, 'ELECTRICO', 'RAUL', NULL, NULL, NULL),
	(843, 11, '8072', NULL, NULL, 877000, 1, 1, 6, '2021-03-20', 'REVISIÓN DE NEUMÁTICOS', NULL, '1842', NULL, 'MECANICO', 'JOSE', NULL, NULL, NULL),
	(844, 11, '8073', NULL, NULL, 878000, 1, 1, 1, '2021-03-20', 'REVISIÓN DE UNIDAD', NULL, '1843', NULL, 'ELECTRICO', 'RAUL', NULL, NULL, NULL),
	(845, 11, '8074', NULL, NULL, 879000, 1, 1, 1, '2021-03-20', 'CAMBIO NEUMÁTICO', NULL, '1844', NULL, 'MECANICO', 'JOSE', NULL, NULL, NULL),
	(846, 11, '8075', NULL, NULL, 880000, 1, 1, 1, '2021-03-20', 'AUMENTO DE UREA', NULL, '1845', NULL, 'ELECTRICO', 'RAUL', NULL, NULL, NULL),
	(847, 11, '8076', NULL, NULL, 881000, 1, 1, 1, '2021-03-20', 'AUMENTO DE UREA', NULL, '1846', NULL, 'MECANICO', 'JOSE', NULL, NULL, NULL),
	(848, 11, '8077', NULL, NULL, 882000, 1, 1, 1, '2021-03-22', 'REPARACIÓN DE NEUMÁTICO', NULL, '1847', NULL, 'ELECTRICO', 'RAUL', NULL, NULL, NULL),
	(849, 11, '8077', NULL, NULL, 883000, 1, 1, 1, '2021-03-22', 'REVISIÓN DE DE PERTIGA', NULL, '1848', NULL, 'MECANICO', 'JOSE', NULL, NULL, NULL),
	(850, 11, '8077', NULL, NULL, 884000, 1, 1, 1, '2021-03-22', 'AUMENTO ACEITE DE MOTOR', NULL, '1849', NULL, 'ELECTRICO', 'RAUL', NULL, NULL, NULL),
	(851, 11, '8078', NULL, NULL, 885000, 1, 1, 1, '2021-03-22', 'REVISIÓN DE UNIDAD', NULL, '1850', NULL, 'MECANICO', 'JOSE', NULL, NULL, NULL),
	(852, 11, '8078', NULL, NULL, 886000, 1, 1, 1, '2021-03-22', 'REGULACIÓN DE FRENOS', NULL, '1851', NULL, 'ELECTRICO', 'RAUL', NULL, NULL, NULL),
	(853, 11, '8079', NULL, NULL, 887000, 1, 1, 1, '2021-03-22', 'REPARACIÓN DE NEUMÁTICO', NULL, '1852', NULL, 'MECANICO', 'JOSE', NULL, NULL, NULL),
	(854, 11, '8079', NULL, NULL, 888000, 1, 1, 1, '2021-03-22', 'REVISIÓN DE LUCES', NULL, '1853', NULL, 'ELECTRICO', 'RAUL', NULL, NULL, NULL),
	(855, 11, '8080', NULL, NULL, 889000, 1, 1, 1, '2021-03-22', 'REPARACIÓN DE NEUMÁTICO', NULL, '1854', NULL, 'MECANICO', 'JOSE', NULL, NULL, NULL),
	(856, 11, '8080', NULL, NULL, 890000, 1, 1, 1, '2021-03-22', 'REVISIÓN DE UNIDAD', NULL, '1855', NULL, 'ELECTRICO', 'RAUL', NULL, NULL, NULL),
	(857, 11, '8081', NULL, NULL, 891000, 1, 1, 5, '2021-03-22', 'ENGRASE', NULL, '1856', NULL, 'MECANICO', 'JOSE', NULL, NULL, NULL),
	(858, 11, '8081', NULL, NULL, 892000, 1, 1, 5, '2021-03-22', 'REVISIÓN DE CEDAZO', NULL, '1857', NULL, 'ELECTRICO', 'RAUL', NULL, NULL, NULL),
	(859, 11, '8081', NULL, NULL, 893000, 1, 1, 5, '2021-03-22', 'CAMBIO VÁLVULA CORTE DE COMBUSTIBLE', NULL, '1858', NULL, 'MECANICO', 'JOSE', NULL, NULL, NULL),
	(860, 11, '8081', NULL, NULL, 894000, 1, 1, 5, '2021-03-22', 'INSTALACIÓN DE NEBLINEROS', NULL, '1859', NULL, 'ELECTRICO', 'RAUL', NULL, NULL, NULL),
	(861, 11, '8082', NULL, NULL, 895000, 1, 1, 1, '2021-03-22', 'REVISIÓN DE LUCES', NULL, '1860', NULL, 'MECANICO', 'JOSE', NULL, NULL, NULL),
	(862, 11, '8083', NULL, NULL, 896000, 1, 1, 4, '2021-03-22', 'CAMBIO DE ACEITE', NULL, '1861', NULL, 'ELECTRICO', 'RAUL', NULL, NULL, NULL),
	(863, 11, '8084', NULL, NULL, 897000, 1, 1, 2, '2021-03-23', 'CAMBIO DE NEUMÁTICO REPUESTO', NULL, '1862', NULL, 'MECANICO', 'JOSE', NULL, NULL, NULL),
	(864, 11, '8085', NULL, NULL, 898000, 1, 1, 5, '2021-03-23', 'ENGRASE', NULL, '1863', NULL, 'ELECTRICO', 'RAUL', NULL, NULL, NULL),
	(865, 11, '8085', NULL, NULL, 899000, 1, 1, 5, '2021-03-23', 'CAMBIO MANGUERA DE AGUA', NULL, '1864', NULL, 'MECANICO', 'JOSE', NULL, NULL, NULL),
	(866, 11, '8085', NULL, NULL, 900000, 1, 1, 5, '2021-03-23', 'REPARACIÓN BARRA LARGA DE DIRECCIÓN', NULL, '1865', NULL, 'ELECTRICO', 'RAUL', NULL, NULL, NULL),
	(867, 11, '8086', NULL, NULL, 901000, 1, 1, 5, '2021-03-23', 'PINTADO DE UNIDAD', NULL, '1866', NULL, 'MECANICO', 'JOSE', NULL, NULL, NULL),
	(868, 11, '8086', NULL, NULL, 902000, 1, 1, 5, '2021-03-23', 'CAMBIO TAPABARROS POSTERIORES', NULL, '1867', NULL, 'ELECTRICO', 'RAUL', NULL, NULL, NULL),
	(869, 11, '8086', NULL, NULL, 903000, 1, 1, 5, '2021-03-23', 'ENGRASE', NULL, '1868', NULL, 'MECANICO', 'JOSE', NULL, NULL, NULL),
	(870, 11, '8086', NULL, NULL, 904000, 1, 1, 5, '2021-03-23', 'REVISIÓN DE LUCES', NULL, '1869', NULL, 'ELECTRICO', 'RAUL', NULL, NULL, NULL),
	(871, 11, '8086', NULL, NULL, 905000, 1, 1, 5, '2021-03-23', 'FABRICACIÓN DE SEGURO PORTALLANTAS', NULL, '1870', NULL, 'MECANICO', 'JOSE', NULL, NULL, NULL),
	(872, 11, '8086', NULL, NULL, 906000, 1, 1, 5, '2021-03-23', 'CAMBIO DE BOLSA DE SUSPENSIÓN', NULL, '1871', NULL, 'ELECTRICO', 'RAUL', NULL, NULL, NULL),
	(873, 11, '8086', NULL, NULL, 907000, 1, 1, 5, '2021-03-23', 'INSPECCIÓN DE NEUMÁTICOS', NULL, '1872', NULL, 'MECANICO', 'JOSE', NULL, NULL, NULL),
	(874, 11, '8087', NULL, NULL, 908000, 1, 1, 5, '2021-03-23', 'ROTACIÓN DE NEUMÁTICOS', NULL, '1873', NULL, 'ELECTRICO', 'RAUL', NULL, NULL, NULL),
	(875, 11, '8087', NULL, NULL, 909000, 1, 1, 5, '2021-03-23', 'ENGRASE', NULL, '1874', NULL, 'MECANICO', 'JOSE', NULL, NULL, NULL),
	(876, 11, '8087', NULL, NULL, 910000, 1, 1, 5, '2021-03-23', 'INSPECCIÓN DE NEUMÁTICOS', NULL, '1875', NULL, 'ELECTRICO', 'RAUL', NULL, NULL, NULL),
	(877, 11, '8088', NULL, NULL, 911000, 1, 1, 4, '2021-03-24', 'ENGRASE', NULL, '1876', NULL, 'MECANICO', 'JOSE', NULL, NULL, NULL),
	(878, 11, '8088', NULL, NULL, 912000, 1, 1, 4, '2021-03-24', 'CAMBIO DE ACEITE', NULL, '1877', NULL, 'ELECTRICO', 'RAUL', NULL, NULL, NULL),
	(879, 11, '8088', NULL, NULL, 913000, 1, 1, 4, '2021-03-24', 'REVISIÓN DE LUCES', NULL, '1878', NULL, 'MECANICO', 'JOSE', NULL, NULL, NULL),
	(880, 11, '8089', NULL, NULL, 914000, 1, 1, 5, '2021-03-24', 'ENGRASE', NULL, '1879', NULL, 'ELECTRICO', 'RAUL', NULL, NULL, NULL),
	(881, 11, '8089', NULL, NULL, 915000, 1, 1, 5, '2021-03-24', 'REVISIÓN DE LUCES', NULL, '1880', NULL, 'MECANICO', 'JOSE', NULL, NULL, NULL),
	(882, 11, '8089', NULL, NULL, 916000, 1, 1, 5, '2021-03-24', 'REVISIÓN DE BARANDAS', NULL, '1881', NULL, 'ELECTRICO', 'RAUL', NULL, NULL, NULL),
	(883, 11, '8090', NULL, NULL, 917000, 1, 1, 1, '2021-03-24', 'REVISIÓN DE BARANDAS', NULL, '1882', NULL, 'MECANICO', 'JOSE', NULL, NULL, NULL),
	(884, 11, '8090', NULL, NULL, 918000, 1, 1, 1, '2021-03-24', 'REVISIÓN DE PLATAFORMA', NULL, '1883', NULL, 'ELECTRICO', 'RAUL', NULL, NULL, NULL),
	(885, 11, '8091', NULL, NULL, 919000, 1, 1, 5, '2021-03-24', 'ENGRASE', NULL, '1884', NULL, 'MECANICO', 'JOSE', NULL, NULL, NULL),
	(886, 11, '8091', NULL, NULL, 920000, 1, 1, 5, '2021-03-24', 'REVISIÓN DE UNIDAD', NULL, '1885', NULL, 'ELECTRICO', 'RAUL', NULL, NULL, NULL),
	(887, 11, '8091', NULL, NULL, 921000, 1, 1, 5, '2021-03-24', 'REVISION DE LUCES', NULL, '1886', NULL, 'MECANICO', 'JOSE', NULL, NULL, NULL),
	(888, 11, '8091', NULL, NULL, 922000, 1, 1, 5, '2021-03-24', 'CAMBIO ACEITE CUBOS 1ER, 2DO Y 3ER EJE', NULL, '1887', NULL, 'ELECTRICO', 'RAUL', NULL, NULL, NULL),
	(889, 11, '8091', NULL, NULL, 923000, 1, 1, 5, '2021-03-24', 'REVISIÓN ENCENDIDO DE MOTOR', NULL, '1888', NULL, 'MECANICO', 'JOSE', NULL, NULL, NULL),
	(890, 11, '8092', NULL, NULL, 924000, 1, 1, 5, '2021-03-24', 'ENGRASE', NULL, '1889', NULL, 'ELECTRICO', 'RAUL', NULL, NULL, NULL),
	(891, 11, '8092', NULL, NULL, 925000, 1, 1, 5, '2021-03-24', 'REVISIÓN DE LUCES', NULL, '1890', NULL, 'MECANICO', 'JOSE', NULL, NULL, NULL),
	(892, 11, '8092', NULL, NULL, 926000, 1, 1, 5, '2021-03-24', 'INSPECCIÓN DE NEUMÁTICOS', NULL, '1891', NULL, 'ELECTRICO', 'RAUL', NULL, NULL, NULL),
	(893, 11, '8092', NULL, NULL, 927000, 1, 1, 5, '2021-03-24', 'CAMBIO NEUMÁTICO POSICIÓN 11', NULL, '1892', NULL, 'MECANICO', 'JOSE', NULL, NULL, NULL),
	(894, 11, '8092', NULL, NULL, 928000, 1, 1, 5, '2021-03-24', 'REPARACIÓN PISO DE CAMACUNA', NULL, '1893', NULL, 'ELECTRICO', 'RAUL', NULL, NULL, NULL),
	(895, 11, '8093', NULL, NULL, 929000, 1, 1, 1, '2021-03-24', 'IMPLEMENTACIÓN DE RAMPAS', NULL, '1894', NULL, 'MECANICO', 'JOSE', NULL, NULL, NULL),
	(896, 11, '8093', NULL, NULL, 930000, 1, 1, 1, '2021-03-24', 'INSPECCIÓN DE NEUMÁTICOS', NULL, '1895', NULL, 'ELECTRICO', 'RAUL', NULL, NULL, NULL),
	(897, 11, '8093', NULL, NULL, 931000, 1, 1, 1, '2021-03-24', 'REVISIÓN DE LUCES', NULL, '1896', NULL, 'MECANICO', 'JOSE', NULL, NULL, NULL),
	(898, 11, '8094', NULL, NULL, 932000, 1, 1, 1, '2021-03-24', 'REVISIÓN DE UNIDAD', NULL, '1897', NULL, 'ELECTRICO', 'RAUL', NULL, NULL, NULL),
	(899, 11, '8094', NULL, NULL, 933000, 1, 1, 1, '2021-03-24', 'INSPECCIÓN DE NEUMÁTICOS', NULL, '1898', NULL, 'MECANICO', 'JOSE', NULL, NULL, NULL),
	(900, 11, '8094', NULL, NULL, 934000, 1, 1, 1, '2021-03-24', 'REVISIÓN DE LUCES', NULL, '1899', NULL, 'ELECTRICO', 'RAUL', NULL, NULL, NULL),
	(901, 11, '8095', NULL, NULL, 935000, 1, 1, 1, '2021-03-25', 'REPARACION DE NEUMÁTICO', NULL, '1900', NULL, 'MECANICO', 'JOSE', NULL, NULL, NULL),
	(902, 11, '8095', NULL, NULL, 936000, 1, 1, 1, '2021-03-25', 'REVISIÓN DE ZAPATAS DE FRENOS', NULL, '1901', NULL, 'ELECTRICO', 'RAUL', NULL, NULL, NULL),
	(903, 11, '8096', NULL, NULL, 937000, 1, 1, 1, '2021-03-25', 'ENGRASE DE TORNAMESA', NULL, '1902', NULL, 'MECANICO', 'JOSE', NULL, NULL, NULL),
	(904, 11, '8096', NULL, NULL, 938000, 1, 1, 1, '2021-03-25', 'AUMENTO LIQUIDO LIMPIAPARABRISAS', NULL, '1903', NULL, 'ELECTRICO', 'RAUL', NULL, NULL, NULL),
	(905, 11, '8096', NULL, NULL, 939000, 1, 1, 1, '2021-03-25', 'REVISIÓN DE LUCES', NULL, '1904', NULL, 'MECANICO', 'JOSE', NULL, NULL, NULL),
	(906, 11, '8097', NULL, NULL, 940000, 1, 1, 1, '2021-03-25', 'REVISIÓN DE LUCES', NULL, '1905', NULL, 'ELECTRICO', 'RAUL', NULL, NULL, NULL),
	(907, 11, '8097', NULL, NULL, 941000, 1, 1, 1, '2021-03-25', 'REVISION DE BARANDAS', NULL, '1906', NULL, 'MECANICO', 'JOSE', NULL, NULL, NULL),
	(908, 11, '8097', NULL, NULL, 942000, 1, 1, 1, '2021-03-25', 'REVISION DE PARANTES DE BARANDA', NULL, '1907', NULL, 'ELECTRICO', 'RAUL', NULL, NULL, NULL),
	(909, 11, '8098', NULL, NULL, 943000, 1, 1, 6, '2021-03-25', 'IMPLEMENTACIÓN RAMPAS DE CAMABAJA', NULL, '1908', NULL, 'MECANICO', 'JOSE', NULL, NULL, NULL),
	(910, 11, '8099', NULL, NULL, 944000, 1, 1, 5, '2021-03-25', 'REVISIÓN DE UNIDAD', NULL, '1909', NULL, 'ELECTRICO', 'RAUL', NULL, NULL, NULL),
	(911, 11, '8099', NULL, NULL, 945000, 1, 1, 5, '2021-03-25', 'CAMBIO TAPA DE COMBUSTIBLE LI', NULL, '1910', NULL, 'MECANICO', 'JOSE', NULL, NULL, NULL),
	(912, 11, '8099', NULL, NULL, 946000, 1, 1, 5, '2021-03-25', NULL, NULL, '1911', NULL, 'ELECTRICO', 'RAUL', NULL, NULL, NULL),
	(913, 11, '8100', NULL, NULL, 947000, 1, 1, 5, '2021-03-25', 'ENGRASE', NULL, '1912', NULL, 'MECANICO', 'JOSE', NULL, NULL, NULL),
	(914, 11, '8102', NULL, NULL, 948000, 1, 2, 2, '2021-03-25', 'REVISION DE LUCES', NULL, '1913', NULL, 'ELECTRICO', 'RAUL', NULL, NULL, NULL),
	(915, 11, '8103', NULL, NULL, 949000, 1, 2, 2, '2021-03-25', 'DESMONTAJE RUEDA 3ER LI', NULL, '1914', NULL, 'MECANICO', 'JOSE', NULL, NULL, NULL),
	(916, 11, '8104', NULL, NULL, 950000, 1, 1, 1, '2021-03-26', 'PINTADO DE UNIDAD', NULL, '1915', NULL, 'ELECTRICO', 'RAUL', NULL, NULL, NULL),
	(917, 11, '8104', NULL, NULL, 951000, 1, 1, 1, '2021-03-26', 'CAMBIO DE NEUMÁTICOS', NULL, '1916', NULL, 'MECANICO', 'JOSE', NULL, NULL, NULL),
	(918, 11, '8104', NULL, NULL, 952000, 1, 1, 1, '2021-03-26', 'ENGRASE', NULL, '1917', NULL, 'ELECTRICO', 'RAUL', NULL, NULL, NULL),
	(919, 11, '8104', NULL, NULL, 953000, 1, 1, 1, '2021-03-26', 'CAMBIO DE KIN PING', NULL, '1918', NULL, 'MECANICO', 'JOSE', NULL, NULL, NULL),
	(920, 11, '8104', NULL, NULL, 954000, 1, 1, 1, '2021-03-26', 'REPARACIÓN DE SOPORTE DE APOYO LD', NULL, '1919', NULL, 'ELECTRICO', 'RAUL', NULL, NULL, NULL),
	(921, 11, '8105', NULL, NULL, 955000, 1, 1, 5, '2021-03-26', 'ENGRASE', NULL, '1920', NULL, 'MECANICO', 'JOSE', NULL, NULL, NULL),
	(922, 11, '8105', NULL, NULL, 956000, 1, 1, 5, '2021-03-26', 'CAMBIO NEUMÁTICOS DELANTEROS', NULL, '1921', NULL, 'ELECTRICO', 'RAUL', NULL, NULL, NULL),
	(923, 11, '8106', NULL, NULL, 957000, 1, 1, 5, '2021-03-26', 'ENGRASE', NULL, '1922', NULL, 'MECANICO', 'JOSE', NULL, NULL, NULL),
	(924, 11, '8106', NULL, NULL, 958000, 1, 1, 5, '2021-03-26', 'REVISIÓN DE BARANDAS', NULL, '1923', NULL, 'ELECTRICO', 'RAUL', NULL, NULL, NULL),
	(925, 11, '8106', NULL, NULL, 959000, 1, 1, 5, '2021-03-26', 'REVISION DE PARANTES DE BARANDA', NULL, '1924', NULL, 'MECANICO', 'JOSE', NULL, NULL, NULL),
	(926, 11, '8107', NULL, NULL, 960000, 1, 2, 5, '2021-03-27', 'CAMBIO DE BOCAMAZA, RODAJES Y RETEN', NULL, '1925', NULL, 'ELECTRICO', 'RAUL', NULL, NULL, NULL),
	(927, 11, '8107', NULL, NULL, 961000, 1, 2, 5, '2021-03-27', 'CAMBIO DE FAJAS', NULL, '1926', NULL, 'MECANICO', 'JOSE', NULL, NULL, NULL),
	(928, 11, '8107', NULL, NULL, 962000, 1, 2, 5, '2021-03-27', 'CAMBIO DE 2 AROS ', NULL, '1927', NULL, 'ELECTRICO', 'RAUL', NULL, NULL, NULL),
	(929, 11, '8107', NULL, NULL, 963000, 1, 1, 5, '2021-03-27', 'ENGRASE DE UNIDAD', NULL, '1928', NULL, 'MECANICO', 'JOSE', NULL, NULL, NULL),
	(930, 11, '8107', NULL, NULL, 964000, 1, 2, 5, '2021-03-27', 'REAJUSTE DE RUEDAS', NULL, '1929', NULL, 'ELECTRICO', 'RAUL', NULL, NULL, NULL),
	(931, 11, '8108', NULL, NULL, 965000, 1, 1, 1, '2021-03-27', 'REVISION POR PERDIDA DE FUERZA', NULL, '1930', NULL, 'MECANICO', 'JOSE', NULL, NULL, NULL),
	(932, 11, '8108', NULL, NULL, 966000, 1, 1, 1, '2021-03-27', 'CAMBIO DE FILTRO RACOR', NULL, '1931', NULL, 'ELECTRICO', 'RAUL', NULL, NULL, NULL),
	(933, 11, '8108', NULL, NULL, 967000, 1, 1, 1, '2021-03-27', 'REVISION DE INTERCOOLER', NULL, '1932', NULL, 'MECANICO', 'JOSE', NULL, NULL, NULL),
	(934, 11, '8108', NULL, NULL, 968000, 1, 1, 1, '2021-03-27', 'LIMPIEZA DE FILTRO DE AIRE', NULL, '1933', NULL, 'ELECTRICO', 'RAUL', NULL, NULL, NULL),
	(935, 11, '8109', NULL, NULL, 969000, 1, 1, 1, '2021-03-27', 'CAMBIO DE ACORDEÓN', NULL, '1934', NULL, 'MECANICO', 'JOSE', NULL, NULL, NULL),
	(936, 11, '8109', NULL, NULL, 970000, 1, 1, 1, '2021-03-27', 'REVISIÓN DE UNIDAD', NULL, '1935', NULL, 'ELECTRICO', 'RAUL', NULL, NULL, NULL),
	(937, 11, '8109', NULL, NULL, 971000, 1, 1, 1, '2021-03-27', 'CAMBIO GOMA CENTRAL DE CARDÁN', NULL, '1936', NULL, 'MECANICO', 'JOSE', NULL, NULL, NULL),
	(938, 11, '8109', NULL, NULL, 972000, 1, 1, 1, '2021-03-27', 'CAMBIO ACEITE DE TRANSMISIÓN', NULL, '1937', NULL, 'ELECTRICO', 'RAUL', NULL, NULL, NULL),
	(939, 11, '8109', NULL, NULL, 973000, 1, 1, 1, '2021-03-27', 'CAMBIO ACEITE DE DIFERENCIALES', NULL, '1938', NULL, 'MECANICO', 'JOSE', NULL, NULL, NULL),
	(940, 11, '8109', NULL, NULL, 974000, 1, 1, 1, '2021-03-27', 'CAMBIO ACEITE CUBOS DELANTEROS', NULL, '1939', NULL, 'ELECTRICO', 'RAUL', NULL, NULL, NULL),
	(941, 11, '8109', NULL, NULL, 975000, 1, 1, 1, '2021-03-27', 'AFINAMIENTO DE MOTOR', NULL, '1940', NULL, 'MECANICO', 'JOSE', NULL, NULL, NULL),
	(942, 11, '8110', NULL, NULL, 976000, 1, 2, 1, '2021-03-27', 'REVISION DE MOTOR DE CAMACUNA', NULL, '1941', NULL, 'ELECTRICO', 'RAUL', NULL, NULL, NULL),
	(943, 11, '8111', NULL, NULL, 977000, 1, 2, 2, '2021-03-28', 'REPARACION DE NEUMÁTICO EN RUTA', NULL, '1942', NULL, 'MECANICO', 'JOSE', NULL, NULL, NULL),
	(944, 11, '8112', NULL, NULL, 978000, 1, 1, 1, '2021-03-29', 'REVISION DE LUCES', NULL, '1943', NULL, 'ELECTRICO', 'RAUL', NULL, NULL, NULL),
	(945, 11, '8112', NULL, NULL, 979000, 1, 1, 1, '2021-03-29', 'AUMENTO PRESIONES DE NEUMÁTICOS', NULL, '1944', NULL, 'MECANICO', 'JOSE', NULL, NULL, NULL),
	(946, 11, '8112', NULL, NULL, 980000, 1, 1, 1, '2021-03-29', 'CAMBIO NEUMÁTICO DE REPUESTO', NULL, '1945', NULL, 'ELECTRICO', 'RAUL', NULL, NULL, NULL),
	(947, 11, '8113', NULL, NULL, 981000, 1, 1, 1, '2021-03-29', 'CAMBIO DE NEBLINERO', NULL, '1946', NULL, 'MECANICO', 'JOSE', NULL, NULL, NULL),
	(948, 11, '8113', NULL, NULL, 982000, 1, 1, 1, '2021-03-29', 'REVISION DE LUCES', NULL, '1947', NULL, 'ELECTRICO', 'RAUL', NULL, NULL, NULL),
	(949, 11, '8114', NULL, NULL, 983000, 1, 1, 5, '2021-03-29', 'ENGRASE', NULL, '1948', NULL, 'MECANICO', 'JOSE', NULL, NULL, NULL),
	(950, 11, '8114', NULL, NULL, 984000, 1, 1, 5, '2021-03-29', 'REVISION DE LUCES', NULL, '1949', NULL, 'ELECTRICO', 'RAUL', NULL, NULL, NULL),
	(951, 11, '8114', NULL, NULL, 985000, 1, 1, 5, '2021-03-29', 'AUMENTO PRESIONES DE NEUMÁTICOS', NULL, '1950', NULL, 'MECANICO', 'JOSE', NULL, NULL, NULL),
	(952, 11, '8114', NULL, NULL, 986000, 1, 1, 5, '2021-03-29', 'REVISION DE BALANCINES', NULL, '1951', NULL, 'ELECTRICO', 'RAUL', NULL, NULL, NULL),
	(953, 11, '8115', NULL, NULL, 987000, 3, 1, NULL, '2021-03-29', 'REVISION DE BALANCINES', NULL, '1952', NULL, 'MECANICO', 'JOSE', NULL, NULL, NULL),
	(954, 11, '8116', NULL, NULL, 988000, 3, 1, NULL, '2021-03-29', 'REVISION DE BALANCINES', NULL, '1953', NULL, 'ELECTRICO', 'RAUL', NULL, NULL, NULL),
	(955, 8, '8117', NULL, NULL, 989000, 3, 1, 1, '2021-03-29', 'AUMENTO DE UREA', NULL, '1954', NULL, 'MECANICO', 'JOSE', NULL, NULL, NULL),
	(956, 8, '8117', NULL, NULL, 990000, 3, 1, 1, '2021-03-29', 'REVISION DE UNIDAD', NULL, '1955', NULL, 'ELECTRICO', 'RAUL', NULL, NULL, NULL),
	(957, 13, '8118', NULL, NULL, 991000, 3, 1, 4, '2021-03-30', 'CAMBIO DE ACEITE', NULL, '1956', NULL, 'MECANICO', 'JOSE', NULL, NULL, NULL),
	(958, 13, '8118', NULL, NULL, 992000, 3, 1, 4, '2021-03-30', 'ENGRASE', NULL, '1957', NULL, 'ELECTRICO', 'RAUL', NULL, NULL, NULL),
	(959, 13, '8118', NULL, NULL, 993000, 3, 1, 4, '2021-03-30', 'REVISION FUGA DE AGUA', NULL, '1958', NULL, 'MECANICO', 'JOSE', NULL, NULL, NULL),
	(960, 20, '8119', NULL, NULL, 994000, 3, 1, 1, '2021-03-30', 'CAMBIO DE NEUMÁTICO #6', NULL, '1959', NULL, 'ELECTRICO', 'RAUL', NULL, NULL, NULL),
	(961, 20, '8119', NULL, NULL, 995000, 3, 1, 1, '2021-03-30', 'ENGRASE', NULL, '1960', NULL, 'MECANICO', 'JOSE', NULL, NULL, NULL),
	(962, 20, '8119', NULL, NULL, 996000, 3, 1, 1, '2021-03-30', 'REVISION DE BARANDAS', NULL, '1961', NULL, 'ELECTRICO', 'RAUL', NULL, NULL, NULL),
	(963, 16, '8120', NULL, NULL, 997000, 3, 1, 1, '2021-03-30', 'REGULACIÓN FRENOS DELANTEROS', NULL, '1962', NULL, 'MECANICO', 'JOSE', NULL, NULL, NULL),
	(964, 16, '8120', NULL, NULL, 998000, 3, 1, 1, '2021-03-30', 'INSPECCIÓN DE NEUMÁTICOS', NULL, '1963', NULL, 'ELECTRICO', 'RAUL', NULL, NULL, NULL),
	(965, 19, '8121', NULL, NULL, 999000, 3, 1, 1, '2021-03-30', 'ENGRACE TOTAL', NULL, '1964', NULL, 'MECANICO', 'JOSE', NULL, NULL, NULL),
	(966, 19, '8121', NULL, NULL, 1000000, 3, 1, 1, '2021-03-30', 'REVISION DE FRENOS', NULL, '1965', NULL, 'ELECTRICO', 'RAUL', NULL, NULL, NULL),
	(967, 21, '8122', NULL, NULL, 1001000, 3, 1, 1, '2021-03-30', 'REVISION SISTEMA ELECTRICO', NULL, '1966', NULL, 'MECANICO', 'JOSE', NULL, NULL, NULL),
	(968, 25, '8123', NULL, NULL, 1002000, 3, 1, 4, '2021-03-31', 'CAMBIO DE ACEITE', NULL, '1967', NULL, 'ELECTRICO', 'RAUL', NULL, NULL, NULL),
	(969, 25, '8123', NULL, NULL, 1003000, 3, 1, 4, '2021-03-31', 'ENGRASE', NULL, '1968', NULL, 'MECANICO', 'JOSE', NULL, NULL, NULL),
	(970, 1, '8124', NULL, NULL, 1004000, 3, 1, 4, '2021-03-31', 'CAMBIO DE ACEITE', NULL, '1969', NULL, 'ELECTRICO', 'RAUL', NULL, NULL, NULL),
	(971, 1, '8124', NULL, NULL, 1005000, 3, 1, 4, '2021-03-31', 'ENGRASE', NULL, '1970', NULL, 'MECANICO', 'JOSE', NULL, NULL, NULL),
	(972, 5, '8125', NULL, NULL, 1006000, 3, 1, 1, '2021-03-31', 'INSPECCIÓN DE NEUMÁTICOS', NULL, '1971', NULL, 'ELECTRICO', 'RAUL', NULL, NULL, NULL),
	(973, 5, '8125', NULL, NULL, 1007000, 3, 1, 1, '2021-03-31', 'AUMENTO PRESIONES DE NEUMÁTICOS', NULL, '1972', NULL, 'MECANICO', 'JOSE', NULL, NULL, NULL),
	(974, 5, '8125', NULL, NULL, 1008000, 3, 1, 1, '2021-03-31', 'REVISION DE LUCES', NULL, '1973', NULL, 'ELECTRICO', 'RAUL', NULL, NULL, NULL),
	(975, 5, '8125', NULL, NULL, 1009000, 3, 1, 1, '2021-03-31', 'REVISION DE LUCES', NULL, '1974', NULL, 'MECANICO', 'JOSE', NULL, NULL, NULL),
	(976, 22, '8126', NULL, NULL, 1010000, 3, 1, 1, '2021-03-31', 'REVISION ALARMA DE RETROCESO', NULL, '1975', NULL, 'ELECTRICO', 'RAUL', NULL, NULL, NULL),
	(977, 26, '8127', NULL, NULL, 1011000, 3, 1, 1, '2021-03-31', 'REVISION DE UNIDAD', NULL, '1976', NULL, 'MECANICO', 'JOSE', NULL, NULL, NULL),
	(978, 27, '8128', NULL, NULL, 1012000, 3, 1, 1, '2021-03-31', 'REVISION DE UNIDAD', NULL, '1977', NULL, 'ELECTRICO', 'RAUL', NULL, NULL, NULL),
	(979, 4, '8129', NULL, NULL, 1013000, 3, 1, 4, '2021-03-31', 'CAMBIO DE ACEITE', NULL, '1978', NULL, 'MECANICO', 'JOSE', NULL, NULL, NULL),
	(980, 4, '8129', NULL, NULL, 1014000, 3, 1, 4, '2021-03-31', 'CAMBIO FILTRO DE AIRE', NULL, '1979', NULL, 'ELECTRICO', 'RAUL', NULL, NULL, NULL),
	(981, 4, '8129', NULL, NULL, 1015000, 3, 1, 4, '2021-03-31', 'ENGRASE', NULL, '1980', NULL, 'MECANICO', 'JOSE', NULL, NULL, NULL),
	(982, 2, '8130', NULL, NULL, 1016000, 3, 1, 4, '2021-03-31', 'ENGRASE', NULL, '1981', NULL, 'ELECTRICO', 'RAUL', NULL, NULL, NULL),
	(983, 2, '8130', NULL, NULL, 1017000, 3, 1, 4, '2021-03-31', 'CAMBIO GOMA CENTRAL DE CAÑA DE DIRECCIÓN', NULL, '1982', NULL, 'MECANICO', 'JOSE', NULL, NULL, NULL),
	(984, 2, '8130', NULL, NULL, 1018000, 3, 1, 4, '2021-03-31', 'CAMBIO DE ACEITE', NULL, '1983', NULL, 'ELECTRICO', 'RAUL', NULL, NULL, NULL),
	(985, 2, '8130', NULL, NULL, 1019000, 3, 1, 4, '2021-03-31', 'INSPECCIÓN DE NEUMÁTICOS', NULL, '1984', NULL, 'MECANICO', 'JOSE', NULL, NULL, NULL),
	(986, 17, '8131', NULL, NULL, 1020000, 3, 1, 5, '2021-03-31', 'ENGRASE', NULL, '1985', NULL, 'ELECTRICO', 'RAUL', NULL, NULL, NULL),
	(987, 17, '8131', NULL, NULL, 1021000, 3, 1, 5, '2021-03-31', 'REVISION DE LUCES', NULL, '1986', NULL, 'MECANICO', 'JOSE', NULL, NULL, NULL),
	(988, 17, '8131', NULL, NULL, 1022000, 3, 1, 5, '2021-03-31', 'REPARACIÓN DE BARANDAS', NULL, '1987', NULL, 'ELECTRICO', 'RAUL', NULL, NULL, NULL),
	(989, 6, '8132', NULL, NULL, 1023000, 3, 1, 1, '2021-04-01', 'REPARACION DE NEUMÁTICO #7', NULL, '1988', NULL, 'MECANICO', 'JOSE', NULL, NULL, NULL),
	(990, 6, '8132', NULL, NULL, 1024000, 3, 1, 1, '2021-04-01', 'AUMENTO PRESIONES DE NEUMÁTICOS', NULL, '1989', NULL, 'ELECTRICO', 'RAUL', NULL, NULL, NULL),
	(991, 6, '8132', NULL, NULL, 1025000, 3, 1, 1, '2021-04-01', 'REVISION DE LUCES', NULL, '1990', NULL, 'MECANICO', 'JOSE', NULL, NULL, NULL),
	(992, 8, '8133', NULL, NULL, 1026000, 3, 2, NULL, '2021-04-03', 'CAMBIO DE 2 FAROS ALTA Y BAJA', NULL, '1991', NULL, 'ELECTRICO', 'RAUL', NULL, NULL, NULL),
	(993, 29, '8134', NULL, NULL, 1027000, 3, 1, NULL, '2021-04-03', 'IMPLEMENTACION DE LINEA DE VIDA', NULL, '1992', NULL, 'MECANICO', 'JOSE', NULL, NULL, NULL),
	(994, 14, '8135', NULL, NULL, 1028000, 3, 2, 1, '2021-04-03', 'REVISION DE LUCES POR FALLA', NULL, '1993', NULL, 'ELECTRICO', 'RAUL', NULL, NULL, NULL),
	(995, 10, '8136', NULL, NULL, 1029000, 3, 1, 4, '2021-04-03', 'CAMBIO DE ACEITE', NULL, '1994', NULL, 'MECANICO', 'JOSE', NULL, NULL, NULL),
	(996, 10, '8136', NULL, NULL, 1030000, 3, 1, 4, '2021-04-03', 'ENGRACE TOTAL', NULL, '1995', NULL, 'ELECTRICO', 'RAUL', NULL, NULL, NULL),
	(997, 10, '8136', NULL, NULL, 1031000, 3, 1, 4, '2021-04-03', 'ENGRASE DE UNIDAD', NULL, '1996', NULL, 'MECANICO', 'JOSE', NULL, NULL, NULL);
/*!40000 ALTER TABLE `tbl_orden_trabajo` ENABLE KEYS */;

-- Volcando estructura para tabla db_mtto.tbl_personal
DROP TABLE IF EXISTS `tbl_personal`;
CREATE TABLE IF NOT EXISTS `tbl_personal` (
  `personal_id` int(11) NOT NULL AUTO_INCREMENT,
  `personal_nombre` varchar(255) DEFAULT NULL,
  PRIMARY KEY (`personal_id`)
) ENGINE=InnoDB DEFAULT CHARSET=utf8;

-- Volcando datos para la tabla db_mtto.tbl_personal: ~0 rows (aproximadamente)
/*!40000 ALTER TABLE `tbl_personal` DISABLE KEYS */;
/*!40000 ALTER TABLE `tbl_personal` ENABLE KEYS */;

-- Volcando estructura para tabla db_mtto.tbl_tipo_falla
DROP TABLE IF EXISTS `tbl_tipo_falla`;
CREATE TABLE IF NOT EXISTS `tbl_tipo_falla` (
  `tf_id` int(11) NOT NULL AUTO_INCREMENT COMMENT 'tipo de falla id',
  `tf_nombre` varchar(255) DEFAULT NULL COMMENT 'tipo de falla nombre',
  PRIMARY KEY (`tf_id`)
) ENGINE=InnoDB DEFAULT CHARSET=utf8;

-- Volcando datos para la tabla db_mtto.tbl_tipo_falla: ~0 rows (aproximadamente)
/*!40000 ALTER TABLE `tbl_tipo_falla` DISABLE KEYS */;
/*!40000 ALTER TABLE `tbl_tipo_falla` ENABLE KEYS */;

-- Volcando estructura para tabla db_mtto.tbl_tipo_falla_componente
DROP TABLE IF EXISTS `tbl_tipo_falla_componente`;
CREATE TABLE IF NOT EXISTS `tbl_tipo_falla_componente` (
  `tfc_id` int(11) NOT NULL AUTO_INCREMENT,
  `tfc_nombre` varchar(45) NOT NULL,
  `tbl_tipo_falla_tf_id` int(11) NOT NULL,
  PRIMARY KEY (`tfc_id`),
  KEY `fk_tbl_tipo_falla_componente_tbl_tipo_falla1` (`tbl_tipo_falla_tf_id`),
  CONSTRAINT `fk_tbl_tipo_falla_componente_tbl_tipo_falla1` FOREIGN KEY (`tbl_tipo_falla_tf_id`) REFERENCES `tbl_tipo_falla` (`tf_id`) ON DELETE NO ACTION ON UPDATE NO ACTION
) ENGINE=InnoDB DEFAULT CHARSET=utf8;

-- Volcando datos para la tabla db_mtto.tbl_tipo_falla_componente: ~0 rows (aproximadamente)
/*!40000 ALTER TABLE `tbl_tipo_falla_componente` DISABLE KEYS */;
/*!40000 ALTER TABLE `tbl_tipo_falla_componente` ENABLE KEYS */;

-- Volcando estructura para tabla db_mtto.tbl_tipo_mtto
DROP TABLE IF EXISTS `tbl_tipo_mtto`;
CREATE TABLE IF NOT EXISTS `tbl_tipo_mtto` (
  `tipo_mtto_id` int(11) NOT NULL AUTO_INCREMENT,
  `tipo_mtto_nombre` varchar(255) DEFAULT NULL,
  PRIMARY KEY (`tipo_mtto_id`)
) ENGINE=InnoDB AUTO_INCREMENT=8 DEFAULT CHARSET=utf8;

-- Volcando datos para la tabla db_mtto.tbl_tipo_mtto: ~6 rows (aproximadamente)
/*!40000 ALTER TABLE `tbl_tipo_mtto` DISABLE KEYS */;
INSERT INTO `tbl_tipo_mtto` (`tipo_mtto_id`, `tipo_mtto_nombre`) VALUES
	(1, 'REVISION'),
	(2, 'REPARACION'),
	(3, 'CAMBIO'),
	(4, 'PREVENTIVO'),
	(5, 'ENGRACE TOTAL'),
	(6, 'IMPLEMENTACIÓN');
/*!40000 ALTER TABLE `tbl_tipo_mtto` ENABLE KEYS */;

-- Volcando estructura para tabla db_mtto.tbl_tipo_ot
DROP TABLE IF EXISTS `tbl_tipo_ot`;
CREATE TABLE IF NOT EXISTS `tbl_tipo_ot` (
  `tipo_ot_id` int(11) NOT NULL AUTO_INCREMENT,
  `tipo_ot_nombre` varchar(255) DEFAULT NULL,
  PRIMARY KEY (`tipo_ot_id`)
) ENGINE=InnoDB AUTO_INCREMENT=4 DEFAULT CHARSET=utf8;

-- Volcando datos para la tabla db_mtto.tbl_tipo_ot: ~2 rows (aproximadamente)
/*!40000 ALTER TABLE `tbl_tipo_ot` DISABLE KEYS */;
INSERT INTO `tbl_tipo_ot` (`tipo_ot_id`, `tipo_ot_nombre`) VALUES
	(1, 'PREVENTIVO'),
	(2, 'CORRECTIVO');
/*!40000 ALTER TABLE `tbl_tipo_ot` ENABLE KEYS */;

-- Volcando estructura para tabla db_mtto.tbl_vehiculo
DROP TABLE IF EXISTS `tbl_vehiculo`;
CREATE TABLE IF NOT EXISTS `tbl_vehiculo` (
  `vehiculo_id` int(11) NOT NULL AUTO_INCREMENT,
  `vehiculo_placa` varchar(20) NOT NULL,
  `vehiculo_tipo` varchar(50) DEFAULT NULL,
  PRIMARY KEY (`vehiculo_id`)
) ENGINE=InnoDB AUTO_INCREMENT=30 DEFAULT CHARSET=utf8;

-- Volcando datos para la tabla db_mtto.tbl_vehiculo: ~29 rows (aproximadamente)
/*!40000 ALTER TABLE `tbl_vehiculo` DISABLE KEYS */;
INSERT INTO `tbl_vehiculo` (`vehiculo_id`, `vehiculo_placa`, `vehiculo_tipo`) VALUES
	(1, 'AJI-910', 'REMOLCADOR'),
	(2, 'APC-787', 'REMOLCADOR'),
	(3, 'APD-222', 'PLATAFORMA'),
	(4, 'APF-880', 'REMOLCADOR'),
	(5, 'ARG-980', 'PLATAFORMA'),
	(6, 'ARG-995', 'PLATAFORMA'),
	(7, 'B0C-888', 'PLATAFORMA'),
	(8, 'BEE-985', 'REMOLCADOR'),
	(9, 'D1Y-444', 'REMOLCADOR'),
	(10, 'F1X-825', 'REMOLCADOR'),
	(11, 'F1X-999', 'REMOLCADOR'),
	(12, 'F1Y-666', 'REMOLCADOR'),
	(13, 'F1Y-843', 'REMOLCADOR'),
	(14, 'F1Y-940', 'REMOLCADOR'),
	(15, 'F9C-777', 'CAMABAJA'),
	(16, 'F9C-798', 'REMOLCADOR'),
	(17, 'V0M-992', 'PLATAFORMA'),
	(18, 'V1U-333', 'CAMABAJA'),
	(19, 'V3Q-984', 'CAMABAJA'),
	(20, 'V4O-974', 'PLATAFORMA'),
	(21, 'V5B-719', 'REMOLCADOR'),
	(22, 'V6L-767', 'CAMION'),
	(23, 'V7Z-555', 'REMOLCADOR'),
	(24, 'V7Z-556', 'CAMIONETA'),
	(25, 'V7Z-840', 'CAMIONETA'),
	(26, 'V7Z-896', 'CAMION'),
	(27, 'V7Z-904', 'CAMION'),
	(28, 'VBM-111', 'REMOLCADOR'),
	(29, 'VBM-985', 'PLATAFORMA');
/*!40000 ALTER TABLE `tbl_vehiculo` ENABLE KEYS */;

/*!40101 SET SQL_MODE=IFNULL(@OLD_SQL_MODE, '') */;
/*!40014 SET FOREIGN_KEY_CHECKS=IFNULL(@OLD_FOREIGN_KEY_CHECKS, 1) */;
/*!40101 SET CHARACTER_SET_CLIENT=@OLD_CHARACTER_SET_CLIENT */;
/*!40111 SET SQL_NOTES=IFNULL(@OLD_SQL_NOTES, 1) */;
